backend,run_id,gap,optimal_probability
ibm_sherbrooke_physical,RUN_1,0.0,0.005859375
ibm_sherbrooke_physical,RUN_2,0.0,0.0068359375
ibm_sherbrooke_physical,RUN_3,0.0,0.005859375
ibm_sherbrooke_physical,RUN_4,0.0,0.0068359375
ibm_sherbrooke_physical,RUN_5,0.0,0.005859375
ibm_sherbrooke_physical,RUN_6,0.0,0.0068359375
ibm_sherbrooke_physical,RUN_7,0.0,0.005859375
ibm_sherbrooke_physical,RUN_8,0.0,0.0068359375
ibm_sherbrooke_physical,RUN_9,0.0,0.005859375
ibm_sherbrooke_physical,RUN_10,0.0,0.0068359375
