district_id,trace_id_logged,metrics_collected,status
ariyalur,True,True,PASS
chengalpattu,True,True,PASS
chennai,True,True,PASS
coimbatore,True,True,PASS
cuddalore,True,True,PASS
dharmapuri,True,True,PASS
dindigul,True,True,PASS
erode,True,True,PASS
kallakurichi,True,True,PASS
kancheepuram,True,True,PASS
kanniyakumari,True,True,PASS
karur,True,True,PASS
krishnagiri,True,True,PASS
madurai,True,True,PASS
mayiladuthurai,True,True,PASS
nagapattinam,True,True,PASS
namakkal,True,True,PASS
nilgiris,True,True,PASS
perambalur,True,True,PASS
pudukkottai,True,True,PASS
ramanathapuram,True,True,PASS
ranipet,True,True,PASS
salem,True,True,PASS
sivaganga,True,True,PASS
tenkasi,True,True,PASS
thanjavur,True,True,PASS
theni,True,True,PASS
thoothukudi,True,True,PASS
tiruchirappalli,True,True,PASS
tirunelveli,True,True,PASS
tirupathur,True,True,PASS
tiruppur,True,True,PASS
tiruvallur,True,True,PASS
tiruvannamalai,True,True,PASS
tiruvarur,True,True,PASS
vellore,True,True,PASS
viluppuram,True,True,PASS
virudhunagar,True,True,PASS
