district_id,experiment_id,seed,milp_objective,exact_objective,qaoa_objective,qubo_objective,decoded_original_objective,signed_gap,absolute_gap,relative_gap,feasible,optimal_samples,optimal_probability,validation_status,anomaly_reason
ariyalur,EXP-QAOA-ARIYALUR-P2,1000,3.7258,-152.5579,4.7400,-154.7400,4.7400,-0.2722,0.2722,-0.2722,true,7,0.006800,OBJECTIVE_ANOMALY,MODEL_INSTANCE_MISMATCH_RESOLVED
chengalpattu,EXP-QAOA-CHENGALPATTU-P2,1000,3.8966,-152.7315,4.6550,-154.6550,4.6550,-0.1946,0.1946,-0.1946,true,0,0.000000,OBJECTIVE_ANOMALY,MODEL_INSTANCE_MISMATCH_RESOLVED
chennai,EXP-QAOA-CHENNAI-P2,1000,3.7374,-152.6230,4.6550,-154.6550,4.6550,-0.2455,0.2455,-0.2455,true,0,0.000000,OBJECTIVE_ANOMALY,MODEL_INSTANCE_MISMATCH_RESOLVED
coimbatore,EXP-QAOA-COIMBATORE-P2,1000,3.3387,-152.0773,4.7400,-154.7400,4.7400,-0.4197,0.4197,-0.4197,true,7,0.006800,OBJECTIVE_ANOMALY,MODEL_INSTANCE_MISMATCH_RESOLVED
cuddalore,EXP-QAOA-CUDDALORE-P2,1000,4.0086,-152.4100,4.6550,-154.6550,4.6550,-0.1613,0.1613,-0.1613,true,0,0.000000,OBJECTIVE_ANOMALY,MODEL_INSTANCE_MISMATCH_RESOLVED
dharmapuri,EXP-QAOA-DHARMAPURI-P2,1000,4.0035,-152.5704,4.7400,-154.7400,4.7400,-0.1840,0.1840,-0.1840,true,7,0.006800,OBJECTIVE_ANOMALY,MODEL_INSTANCE_MISMATCH_RESOLVED
dindigul,EXP-QAOA-DINDIGUL-P2,1000,3.8225,-152.4977,4.7400,-154.7400,4.7400,-0.2400,0.2400,-0.2400,true,7,0.006800,OBJECTIVE_ANOMALY,MODEL_INSTANCE_MISMATCH_RESOLVED
erode,EXP-QAOA-ERODE-P2,1000,3.9592,-152.5180,4.7400,-154.7400,4.7400,-0.1972,0.1972,-0.1972,true,7,0.006800,OBJECTIVE_ANOMALY,MODEL_INSTANCE_MISMATCH_RESOLVED
kallakurichi,EXP-QAOA-KALLAKURICHI-P2,1000,4.0587,-152.5773,4.7400,-154.7400,4.7400,-0.1679,0.1679,-0.1679,true,7,0.006800,OBJECTIVE_ANOMALY,MODEL_INSTANCE_MISMATCH_RESOLVED
kancheepuram,EXP-QAOA-KANCHEEPURAM-P2,1000,4.0759,-152.5825,4.7400,-154.7400,4.7400,-0.1629,0.1629,-0.1629,true,7,0.006800,OBJECTIVE_ANOMALY,MODEL_INSTANCE_MISMATCH_RESOLVED
kanniyakumari,EXP-QAOA-KANNIYAKUMARI-P2,1000,4.1311,-152.6381,4.6550,-154.6550,4.6550,-0.1268,0.1268,-0.1268,true,0,0.000000,OBJECTIVE_ANOMALY,MODEL_INSTANCE_MISMATCH_RESOLVED
karur,EXP-QAOA-KARUR-P2,1000,3.0517,-151.9273,4.7400,-154.7400,4.7400,-0.5532,0.5532,-0.5532,true,7,0.006800,OBJECTIVE_ANOMALY,MODEL_INSTANCE_MISMATCH_RESOLVED
krishnagiri,EXP-QAOA-KRISHNAGIRI-P2,1000,3.8675,-152.7619,4.7400,-154.7400,4.7400,-0.2256,0.2256,-0.2256,true,7,0.006800,OBJECTIVE_ANOMALY,MODEL_INSTANCE_MISMATCH_RESOLVED
madurai,EXP-QAOA-MADURAI-P2,1000,3.4668,-152.2794,4.7400,-154.7400,4.7400,-0.3673,0.3673,-0.3673,true,7,0.006800,OBJECTIVE_ANOMALY,MODEL_INSTANCE_MISMATCH_RESOLVED
mayiladuthurai,EXP-QAOA-MAYILADUTHURAI-P2,1000,3.7938,-152.3760,4.6550,-154.6550,4.6550,-0.2270,0.2270,-0.2270,true,0,0.000000,OBJECTIVE_ANOMALY,MODEL_INSTANCE_MISMATCH_RESOLVED
nagapattinam,EXP-QAOA-NAGAPATTINAM-P2,1000,3.7246,-152.5361,4.6550,-154.6550,4.6550,-0.2498,0.2498,-0.2498,true,0,0.000000,OBJECTIVE_ANOMALY,MODEL_INSTANCE_MISMATCH_RESOLVED
namakkal,EXP-QAOA-NAMAKKAL-P2,1000,3.6571,-152.5973,4.7400,-154.7400,4.7400,-0.2961,0.2961,-0.2961,true,7,0.006800,OBJECTIVE_ANOMALY,MODEL_INSTANCE_MISMATCH_RESOLVED
nilgiris,EXP-QAOA-NILGIRIS-P2,1000,4.1190,-152.8140,4.7400,-154.7400,4.7400,-0.1508,0.1508,-0.1508,true,7,0.006800,OBJECTIVE_ANOMALY,MODEL_INSTANCE_MISMATCH_RESOLVED
perambalur,EXP-QAOA-PERAMBALUR-P2,1000,3.7311,-152.5108,4.7400,-154.7400,4.7400,-0.2704,0.2704,-0.2704,true,7,0.006800,OBJECTIVE_ANOMALY,MODEL_INSTANCE_MISMATCH_RESOLVED
pudukkottai,EXP-QAOA-PUDUKKOTTAI-P2,1000,3.4755,-152.4987,4.6550,-154.6550,4.6550,-0.3394,0.3394,-0.3394,true,0,0.000000,OBJECTIVE_ANOMALY,MODEL_INSTANCE_MISMATCH_RESOLVED
ramanathapuram,EXP-QAOA-RAMANATHAPURAM-P2,1000,3.9804,-152.5255,4.6550,-154.6550,4.6550,-0.1695,0.1695,-0.1695,true,0,0.000000,OBJECTIVE_ANOMALY,MODEL_INSTANCE_MISMATCH_RESOLVED
ranipet,EXP-QAOA-RANIPET-P2,1000,3.6071,-152.4189,4.7400,-154.7400,4.7400,-0.3141,0.3141,-0.3141,true,7,0.006800,OBJECTIVE_ANOMALY,MODEL_INSTANCE_MISMATCH_RESOLVED
salem,EXP-QAOA-SALEM-P2,1000,3.7183,-152.4993,4.7400,-154.7400,4.7400,-0.2748,0.2748,-0.2748,true,7,0.006800,OBJECTIVE_ANOMALY,MODEL_INSTANCE_MISMATCH_RESOLVED
sivaganga,EXP-QAOA-SIVAGANGA-P2,1000,4.1217,-152.7177,4.7400,-154.7400,4.7400,-0.1500,0.1500,-0.1500,true,7,0.006800,OBJECTIVE_ANOMALY,MODEL_INSTANCE_MISMATCH_RESOLVED
tenkasi,EXP-QAOA-TENKASI-P2,1000,4.1059,-152.7160,4.7400,-154.7400,4.7400,-0.1545,0.1545,-0.1545,true,7,0.006800,OBJECTIVE_ANOMALY,MODEL_INSTANCE_MISMATCH_RESOLVED
thanjavur,EXP-QAOA-THANJAVUR-P2,1000,3.2875,-152.2820,4.6550,-154.6550,4.6550,-0.4160,0.4160,-0.4160,true,0,0.000000,OBJECTIVE_ANOMALY,MODEL_INSTANCE_MISMATCH_RESOLVED
theni,EXP-QAOA-THENI-P2,1000,3.5707,-152.3441,4.7400,-154.7400,4.7400,-0.3275,0.3275,-0.3275,true,7,0.006800,OBJECTIVE_ANOMALY,MODEL_INSTANCE_MISMATCH_RESOLVED
thoothukudi,EXP-QAOA-THOOTHUKUDI-P2,1000,3.9097,-152.6377,4.6550,-154.6550,4.6550,-0.1906,0.1906,-0.1906,true,0,0.000000,OBJECTIVE_ANOMALY,MODEL_INSTANCE_MISMATCH_RESOLVED
tiruchirappalli,EXP-QAOA-TIRUCHIRAPPALLI-P2,1000,4.0220,-152.6099,4.7400,-154.7400,4.7400,-0.1785,0.1785,-0.1785,true,7,0.006800,OBJECTIVE_ANOMALY,MODEL_INSTANCE_MISMATCH_RESOLVED
tirunelveli,EXP-QAOA-TIRUNELVELI-P2,1000,3.9859,-152.5460,4.6550,-154.6550,4.6550,-0.1679,0.1679,-0.1679,true,0,0.000000,OBJECTIVE_ANOMALY,MODEL_INSTANCE_MISMATCH_RESOLVED
tirupathur,EXP-QAOA-TIRUPATHUR-P2,1000,3.7371,-152.5815,4.7400,-154.7400,4.7400,-0.2684,0.2684,-0.2684,true,7,0.006800,OBJECTIVE_ANOMALY,MODEL_INSTANCE_MISMATCH_RESOLVED
tiruppur,EXP-QAOA-TIRUPPUR-P2,1000,3.8913,-152.4870,4.7400,-154.7400,4.7400,-0.2181,0.2181,-0.2181,true,7,0.006800,OBJECTIVE_ANOMALY,MODEL_INSTANCE_MISMATCH_RESOLVED
tiruvallur,EXP-QAOA-TIRUVALLUR-P2,1000,3.1800,-151.9402,4.6550,-154.6550,4.6550,-0.4638,0.4638,-0.4638,true,0,0.000000,OBJECTIVE_ANOMALY,MODEL_INSTANCE_MISMATCH_RESOLVED
tiruvannamalai,EXP-QAOA-TIRUVANNAMALAI-P2,1000,3.8334,-152.4027,4.7400,-154.7400,4.7400,-0.2365,0.2365,-0.2365,true,7,0.006800,OBJECTIVE_ANOMALY,MODEL_INSTANCE_MISMATCH_RESOLVED
tiruvarur,EXP-QAOA-TIRUVARUR-P2,1000,3.9959,-152.4982,4.6550,-154.6550,4.6550,-0.1650,0.1650,-0.1650,true,0,0.000000,OBJECTIVE_ANOMALY,MODEL_INSTANCE_MISMATCH_RESOLVED
vellore,EXP-QAOA-VELLORE-P2,1000,3.7717,-152.4302,4.7400,-154.7400,4.7400,-0.2567,0.2567,-0.2567,true,7,0.006800,OBJECTIVE_ANOMALY,MODEL_INSTANCE_MISMATCH_RESOLVED
viluppuram,EXP-QAOA-VILUPPURAM-P2,1000,3.7439,-152.5094,4.6550,-154.6550,4.6550,-0.2433,0.2433,-0.2433,true,0,0.000000,OBJECTIVE_ANOMALY,MODEL_INSTANCE_MISMATCH_RESOLVED
virudhunagar,EXP-QAOA-VIRUDHUNAGAR-P2,1000,4.0962,-152.6195,4.7400,-154.7400,4.7400,-0.1572,0.1572,-0.1572,true,7,0.006800,OBJECTIVE_ANOMALY,MODEL_INSTANCE_MISMATCH_RESOLVED
