district_id,user_flow,status
ariyalur,12/12 STEPS COMPLETE,PASS
chengalpattu,12/12 STEPS COMPLETE,PASS
chennai,12/12 STEPS COMPLETE,PASS
coimbatore,12/12 STEPS COMPLETE,PASS
cuddalore,12/12 STEPS COMPLETE,PASS
dharmapuri,12/12 STEPS COMPLETE,PASS
dindigul,12/12 STEPS COMPLETE,PASS
erode,12/12 STEPS COMPLETE,PASS
kallakurichi,12/12 STEPS COMPLETE,PASS
kancheepuram,12/12 STEPS COMPLETE,PASS
kanniyakumari,12/12 STEPS COMPLETE,PASS
karur,12/12 STEPS COMPLETE,PASS
krishnagiri,12/12 STEPS COMPLETE,PASS
madurai,12/12 STEPS COMPLETE,PASS
mayiladuthurai,12/12 STEPS COMPLETE,PASS
nagapattinam,12/12 STEPS COMPLETE,PASS
namakkal,12/12 STEPS COMPLETE,PASS
nilgiris,12/12 STEPS COMPLETE,PASS
perambalur,12/12 STEPS COMPLETE,PASS
pudukkottai,12/12 STEPS COMPLETE,PASS
ramanathapuram,12/12 STEPS COMPLETE,PASS
ranipet,12/12 STEPS COMPLETE,PASS
salem,12/12 STEPS COMPLETE,PASS
sivaganga,12/12 STEPS COMPLETE,PASS
tenkasi,12/12 STEPS COMPLETE,PASS
thanjavur,12/12 STEPS COMPLETE,PASS
theni,12/12 STEPS COMPLETE,PASS
thoothukudi,12/12 STEPS COMPLETE,PASS
tiruchirappalli,12/12 STEPS COMPLETE,PASS
tirunelveli,12/12 STEPS COMPLETE,PASS
tirupathur,12/12 STEPS COMPLETE,PASS
tiruppur,12/12 STEPS COMPLETE,PASS
tiruvallur,12/12 STEPS COMPLETE,PASS
tiruvannamalai,12/12 STEPS COMPLETE,PASS
tiruvarur,12/12 STEPS COMPLETE,PASS
vellore,12/12 STEPS COMPLETE,PASS
viluppuram,12/12 STEPS COMPLETE,PASS
virudhunagar,12/12 STEPS COMPLETE,PASS
