noise_family,gate_error_rate,readout_error_rate,ideal_gap,noisy_gap,delta_gap
Family Z-B,0.0001,0.0,0.0,0.0,0.0
Family Z-B,0.001,0.0,0.0,0.0,0.0
Family Z-B,0.005,0.0,0.0,0.0,0.0
Family Z-B,0.01,0.0,0.0,0.0,0.0
Family Z-D,0.001,0.01,0.0,0.0,0.0
Family Z-B,0.0001,0.0,-0.4000000000000001,0.0,0.4000000000000001
Family Z-B,0.001,0.0,-0.4000000000000001,0.0,0.4000000000000001
Family Z-B,0.005,0.0,-0.4000000000000001,0.0,0.4000000000000001
Family Z-B,0.01,0.0,-0.4000000000000001,0.0,0.4000000000000001
Family Z-D,0.001,0.01,-0.4000000000000001,0.0,0.4000000000000001
Family Z-B,0.0001,0.0,-0.6000000000000002,0.0,0.6000000000000002
Family Z-B,0.001,0.0,-0.6000000000000002,0.0,0.6000000000000002
Family Z-B,0.005,0.0,-0.6000000000000002,0.0,0.6000000000000002
Family Z-B,0.01,0.0,-0.6000000000000002,0.0,0.6000000000000002
Family Z-D,0.001,0.01,-0.6000000000000002,0.0,0.6000000000000002
Family Z-B,0.0001,0.0,-1.0000000000000002,0.0,1.0000000000000002
Family Z-B,0.001,0.0,-1.0000000000000002,0.0,1.0000000000000002
Family Z-B,0.005,0.0,-1.0000000000000002,0.0,1.0000000000000002
Family Z-B,0.01,0.0,-1.0000000000000002,0.0,1.0000000000000002
Family Z-D,0.001,0.01,-1.0000000000000002,0.0,1.0000000000000002
Family Z-B,0.0001,0.0,-0.20000000000000004,0.0,0.20000000000000004
Family Z-B,0.001,0.0,-0.20000000000000004,0.0,0.20000000000000004
Family Z-B,0.005,0.0,-0.20000000000000004,0.0,0.20000000000000004
Family Z-B,0.01,0.0,-0.20000000000000004,0.0,0.20000000000000004
Family Z-D,0.001,0.01,-0.20000000000000004,0.20000000000000004,0.4000000000000001
Family Z-B,0.0001,0.0,0.0,0.0,0.0
Family Z-B,0.001,0.0,0.0,0.0,0.0
Family Z-B,0.005,0.0,0.0,0.0,0.0
Family Z-B,0.01,0.0,0.0,0.0,0.0
Family Z-D,0.001,0.01,0.0,0.0,0.0
Family Z-B,0.0001,0.0,-0.4000000000000001,0.0,0.4000000000000001
Family Z-B,0.001,0.0,-0.4000000000000001,0.0,0.4000000000000001
Family Z-B,0.005,0.0,-0.4000000000000001,0.0,0.4000000000000001
Family Z-B,0.01,0.0,-0.4000000000000001,0.0,0.4000000000000001
Family Z-D,0.001,0.01,-0.4000000000000001,0.0,0.4000000000000001
Family Z-B,0.0001,0.0,-0.6000000000000002,0.0,0.6000000000000002
Family Z-B,0.001,0.0,-0.6000000000000002,0.0,0.6000000000000002
Family Z-B,0.005,0.0,-0.6000000000000002,0.0,0.6000000000000002
Family Z-B,0.01,0.0,-0.6000000000000002,0.0,0.6000000000000002
Family Z-D,0.001,0.01,-0.6000000000000002,0.0,0.6000000000000002
Family Z-B,0.0001,0.0,-1.0000000000000002,0.0,1.0000000000000002
Family Z-B,0.001,0.0,-1.0000000000000002,0.0,1.0000000000000002
Family Z-B,0.005,0.0,-1.0000000000000002,0.0,1.0000000000000002
Family Z-B,0.01,0.0,-1.0000000000000002,0.0,1.0000000000000002
Family Z-D,0.001,0.01,-1.0000000000000002,0.0,1.0000000000000002
Family Z-B,0.0001,0.0,-0.20000000000000004,0.0,0.20000000000000004
Family Z-B,0.001,0.0,-0.20000000000000004,0.0,0.20000000000000004
Family Z-B,0.005,0.0,-0.20000000000000004,0.0,0.20000000000000004
Family Z-B,0.01,0.0,-0.20000000000000004,0.0,0.20000000000000004
Family Z-D,0.001,0.01,-0.20000000000000004,0.20000000000000004,0.4000000000000001
Family Z-B,0.0001,0.0,0.0,0.0,0.0
Family Z-B,0.001,0.0,0.0,0.0,0.0
Family Z-B,0.005,0.0,0.0,0.0,0.0
Family Z-B,0.01,0.0,0.0,0.0,0.0
Family Z-D,0.001,0.01,0.0,0.0,0.0
Family Z-B,0.0001,0.0,-0.4000000000000001,0.0,0.4000000000000001
Family Z-B,0.001,0.0,-0.4000000000000001,0.0,0.4000000000000001
Family Z-B,0.005,0.0,-0.4000000000000001,0.0,0.4000000000000001
Family Z-B,0.01,0.0,-0.4000000000000001,0.0,0.4000000000000001
Family Z-D,0.001,0.01,-0.4000000000000001,0.0,0.4000000000000001
Family Z-B,0.0001,0.0,-0.6000000000000002,0.0,0.6000000000000002
Family Z-B,0.001,0.0,-0.6000000000000002,0.0,0.6000000000000002
Family Z-B,0.005,0.0,-0.6000000000000002,0.0,0.6000000000000002
Family Z-B,0.01,0.0,-0.6000000000000002,0.0,0.6000000000000002
Family Z-D,0.001,0.01,-0.6000000000000002,0.0,0.6000000000000002
Family Z-B,0.0001,0.0,-1.0000000000000002,0.0,1.0000000000000002
Family Z-B,0.001,0.0,-1.0000000000000002,0.0,1.0000000000000002
Family Z-B,0.005,0.0,-1.0000000000000002,0.0,1.0000000000000002
Family Z-B,0.01,0.0,-1.0000000000000002,0.0,1.0000000000000002
Family Z-D,0.001,0.01,-1.0000000000000002,0.0,1.0000000000000002
Family Z-B,0.0001,0.0,-0.20000000000000004,0.0,0.20000000000000004
Family Z-B,0.001,0.0,-0.20000000000000004,0.0,0.20000000000000004
Family Z-B,0.005,0.0,-0.20000000000000004,0.0,0.20000000000000004
Family Z-B,0.01,0.0,-0.20000000000000004,0.0,0.20000000000000004
Family Z-D,0.001,0.01,-0.20000000000000004,0.20000000000000004,0.4000000000000001
Family Z-B,0.0001,0.0,0.0,0.0,0.0
Family Z-B,0.001,0.0,0.0,0.0,0.0
Family Z-B,0.005,0.0,0.0,0.0,0.0
Family Z-B,0.01,0.0,0.0,0.0,0.0
Family Z-D,0.001,0.01,0.0,0.0,0.0
Family Z-B,0.0001,0.0,-0.4000000000000001,0.0,0.4000000000000001
Family Z-B,0.001,0.0,-0.4000000000000001,0.0,0.4000000000000001
Family Z-B,0.005,0.0,-0.4000000000000001,0.0,0.4000000000000001
Family Z-B,0.01,0.0,-0.4000000000000001,0.0,0.4000000000000001
Family Z-D,0.001,0.01,-0.4000000000000001,0.0,0.4000000000000001
Family Z-B,0.0001,0.0,-0.6000000000000002,0.0,0.6000000000000002
Family Z-B,0.001,0.0,-0.6000000000000002,0.0,0.6000000000000002
Family Z-B,0.005,0.0,-0.6000000000000002,0.0,0.6000000000000002
Family Z-B,0.01,0.0,-0.6000000000000002,0.0,0.6000000000000002
Family Z-D,0.001,0.01,-0.6000000000000002,0.0,0.6000000000000002
Family Z-B,0.0001,0.0,-1.0000000000000002,0.0,1.0000000000000002
Family Z-B,0.001,0.0,-1.0000000000000002,0.0,1.0000000000000002
Family Z-B,0.005,0.0,-1.0000000000000002,0.0,1.0000000000000002
Family Z-B,0.01,0.0,-1.0000000000000002,0.0,1.0000000000000002
Family Z-D,0.001,0.01,-1.0000000000000002,0.0,1.0000000000000002
Family Z-B,0.0001,0.0,-0.20000000000000004,0.0,0.20000000000000004
Family Z-B,0.001,0.0,-0.20000000000000004,0.0,0.20000000000000004
Family Z-B,0.005,0.0,-0.20000000000000004,0.0,0.20000000000000004
Family Z-B,0.01,0.0,-0.20000000000000004,0.0,0.20000000000000004
Family Z-D,0.001,0.01,-0.20000000000000004,0.20000000000000004,0.4000000000000001
