depth,noise_family,gate_error_rate,readout_error_rate,mean_gap,median_gap,feasibility,optimal_probability,circuit_depth,two_qubit_gate_count
1,Family Z-B,0.0001,0.0,0.0,0.0,0.2,0.005078125,6,10
1,Family Z-B,0.001,0.0,0.0,0.0,0.2,0.005078125,6,10
1,Family Z-B,0.005,0.0,0.0,0.0,0.2,0.005078125,6,10
1,Family Z-B,0.01,0.0,0.0,0.0,0.2,0.005078125,6,10
2,Family Z-B,0.0001,0.0,0.0,0.0,0.2,0.005078125,10,20
2,Family Z-B,0.001,0.0,0.0,0.0,0.2,0.005078125,10,20
2,Family Z-B,0.005,0.0,0.0,0.0,0.2,0.005078125,10,20
2,Family Z-B,0.01,0.0,0.0,0.0,0.2,0.005078125,10,20
3,Family Z-B,0.0001,0.0,0.0,0.0,0.2,0.005078125,14,30
3,Family Z-B,0.001,0.0,0.0,0.0,0.2,0.005078125,14,30
3,Family Z-B,0.005,0.0,0.0,0.0,0.2,0.005078125,14,30
3,Family Z-B,0.01,0.0,0.0,0.0,0.2,0.005078125,14,30
4,Family Z-B,0.0001,0.0,0.0,0.0,0.2,0.005078125,18,40
4,Family Z-B,0.001,0.0,0.0,0.0,0.2,0.005078125,18,40
4,Family Z-B,0.005,0.0,0.0,0.0,0.2,0.005078125,18,40
4,Family Z-B,0.01,0.0,0.0,0.0,0.2,0.005078125,18,40
5,Family Z-B,0.0001,0.0,0.0,0.0,0.2,0.005078125,22,50
5,Family Z-B,0.001,0.0,0.0,0.0,0.2,0.005078125,22,50
5,Family Z-B,0.005,0.0,0.0,0.0,0.2,0.005078125,22,50
5,Family Z-B,0.01,0.0,0.0,0.0,0.2,0.0052734375,22,50
