instance_id,N,K,milp_objective,runtime,status
INST-FAM-B-N4-S2000,4,2,1.1945,0.003995,SUCCESS
INST-FAM-B-N4-S2001,4,2,1.7291,0.003003,SUCCESS
INST-FAM-B-N4-S2002,4,2,1.2249,0.002,SUCCESS
INST-FAM-B-N4-S2003,4,2,1.0565,0.002005,SUCCESS
INST-FAM-B-N4-S2004,4,2,1.3745,0.002007,SUCCESS
INST-FAM-B-N6-S2000,6,2,1.1945,0.00101,SUCCESS
INST-FAM-B-N6-S2001,6,2,1.7291,0.000999,SUCCESS
INST-FAM-B-N6-S2002,6,2,1.3301,0.000988,SUCCESS
INST-FAM-B-N6-S2003,6,2,1.3376,0.002,SUCCESS
INST-FAM-B-N6-S2004,6,2,1.5174,0.000999,SUCCESS
INST-FAM-B-N8-S2000,8,3,1.8037,0.000985,SUCCESS
INST-FAM-B-N8-S2001,8,3,2.4119,0.001039,SUCCESS
INST-FAM-B-N8-S2002,8,3,2.0513,0.000992,SUCCESS
INST-FAM-B-N8-S2003,8,3,2.461,0.001003,SUCCESS
INST-FAM-B-N8-S2004,8,3,2.3978,0.001992,SUCCESS
INST-FAM-B-N10-S2000,10,4,2.3761,0.00106,SUCCESS
INST-FAM-B-N10-S2001,10,4,3.0465,0.000941,SUCCESS
INST-FAM-B-N10-S2002,10,4,2.618,0.000994,SUCCESS
INST-FAM-B-N10-S2003,10,4,3.2694,0.002044,SUCCESS
INST-FAM-B-N10-S2004,10,4,3.129,0.001995,SUCCESS
INST-FAM-B-N12-S2000,12,4,2.3761,0.00199,SUCCESS
INST-FAM-B-N12-S2001,12,4,3.2475,0.002076,SUCCESS
INST-FAM-B-N12-S2002,12,4,2.618,0.002,SUCCESS
INST-FAM-B-N12-S2003,12,4,3.2694,0.001002,SUCCESS
INST-FAM-B-N12-S2004,12,4,3.129,0.000859,SUCCESS
INST-FAM-B-N14-S2000,14,5,3.062,0.002001,SUCCESS
INST-FAM-B-N14-S2001,14,5,3.8983,0.002037,SUCCESS
INST-FAM-B-N14-S2002,14,5,3.3208,0.001998,SUCCESS
INST-FAM-B-N14-S2003,14,5,4.0493,0.000959,SUCCESS
INST-FAM-B-N14-S2004,14,5,3.7404,0.000998,SUCCESS
INST-FAM-B-N16-S2000,16,6,3.886,0.001004,SUCCESS
INST-FAM-B-N16-S2001,16,6,4.7678,0.00106,SUCCESS
INST-FAM-B-N16-S2002,16,6,3.8809,0.002004,SUCCESS
INST-FAM-B-N16-S2003,16,6,4.7649,0.001998,SUCCESS
INST-FAM-B-N16-S2004,16,6,4.4027,0.002002,SUCCESS
INST-FAM-B-N18-S2000,18,6,3.886,0.002054,SUCCESS
INST-FAM-B-N18-S2001,18,6,4.8054,0.000972,SUCCESS
INST-FAM-B-N18-S2002,18,6,3.9142,0.001998,SUCCESS
INST-FAM-B-N18-S2003,18,6,4.9043,0.001068,SUCCESS
INST-FAM-B-N18-S2004,18,6,4.4027,0.002058,SUCCESS
INST-FAM-B-N20-S2000,20,7,4.6934,0.002051,SUCCESS
INST-FAM-B-N20-S2001,20,7,5.4562,0.001007,SUCCESS
INST-FAM-B-N20-S2002,20,7,5.0891,0.001989,SUCCESS
INST-FAM-B-N20-S2003,20,7,5.6976,0.002998,SUCCESS
INST-FAM-B-N20-S2004,20,7,5.516,0.001544,SUCCESS
