instance_id,N,K,penalty_P,density,sparsity,generation_seed,instance_hash
INST-FAM-B-N4-S2000,4,2,10.0,1.0,0.0,2000,02a3610660a0
INST-FAM-B-N4-S2001,4,2,10.0,1.0,0.0,2001,add26a434597
INST-FAM-B-N4-S2002,4,2,10.0,1.0,0.0,2002,b10559d58d4f
INST-FAM-B-N4-S2003,4,2,10.0,1.0,0.0,2003,8e8f3e7446e9
INST-FAM-B-N4-S2004,4,2,10.0,1.0,0.0,2004,98cc462b4e17
INST-FAM-B-N6-S2000,6,2,10.0,1.0,0.0,2000,4854e16f701d
INST-FAM-B-N6-S2001,6,2,10.0,1.0,0.0,2001,c2ab8c635846
INST-FAM-B-N6-S2002,6,2,10.0,1.0,0.0,2002,39995d50898b
INST-FAM-B-N6-S2003,6,2,10.0,1.0,0.0,2003,eb06f01895ca
INST-FAM-B-N6-S2004,6,2,10.0,1.0,0.0,2004,d75fb1433832
INST-FAM-B-N8-S2000,8,3,10.0,1.0,0.0,2000,8ff22037b715
INST-FAM-B-N8-S2001,8,3,10.0,1.0,0.0,2001,2d253c78a963
INST-FAM-B-N8-S2002,8,3,10.0,1.0,0.0,2002,9d9ccd7cf746
INST-FAM-B-N8-S2003,8,3,10.0,1.0,0.0,2003,4a4d4c773a32
INST-FAM-B-N8-S2004,8,3,10.0,1.0,0.0,2004,bddc61348c21
INST-FAM-B-N10-S2000,10,4,10.0,1.0,0.0,2000,31b97ee43ea1
INST-FAM-B-N10-S2001,10,4,10.0,1.0,0.0,2001,da15e26146ce
INST-FAM-B-N10-S2002,10,4,10.0,1.0,0.0,2002,230b90ee1b4b
INST-FAM-B-N10-S2003,10,4,10.0,1.0,0.0,2003,6f8f7100087c
INST-FAM-B-N10-S2004,10,4,10.0,1.0,0.0,2004,953ef47daf19
INST-FAM-B-N12-S2000,12,4,10.0,1.0,0.0,2000,1d28d8d98b0b
INST-FAM-B-N12-S2001,12,4,10.0,1.0,0.0,2001,42f4eb919db3
INST-FAM-B-N12-S2002,12,4,10.0,1.0,0.0,2002,a5d4945323c9
INST-FAM-B-N12-S2003,12,4,10.0,1.0,0.0,2003,14e4c6c8a846
INST-FAM-B-N12-S2004,12,4,10.0,1.0,0.0,2004,9c87b9bcd38f
INST-FAM-B-N14-S2000,14,5,10.0,1.0,0.0,2000,5941ecaa44b6
INST-FAM-B-N14-S2001,14,5,10.0,1.0,0.0,2001,0e7f6a079eec
INST-FAM-B-N14-S2002,14,5,10.0,1.0,0.0,2002,b6eefc773be7
INST-FAM-B-N14-S2003,14,5,10.0,1.0,0.0,2003,a442ed1551c8
INST-FAM-B-N14-S2004,14,5,10.0,1.0,0.0,2004,2cf743dec363
INST-FAM-B-N16-S2000,16,6,10.0,1.0,0.0,2000,d3ef30bb7f7d
INST-FAM-B-N16-S2001,16,6,10.0,1.0,0.0,2001,fe167f860921
INST-FAM-B-N16-S2002,16,6,10.0,1.0,0.0,2002,4b96e7369e24
INST-FAM-B-N16-S2003,16,6,10.0,1.0,0.0,2003,3382324d279d
INST-FAM-B-N16-S2004,16,6,10.0,1.0,0.0,2004,7d1ca54e9707
INST-FAM-B-N18-S2000,18,6,10.0,1.0,0.0,2000,0ef8569f0920
INST-FAM-B-N18-S2001,18,6,10.0,1.0,0.0,2001,9ea6438928f2
INST-FAM-B-N18-S2002,18,6,10.0,1.0,0.0,2002,482370e65a59
INST-FAM-B-N18-S2003,18,6,10.0,1.0,0.0,2003,b56260db1f2c
INST-FAM-B-N18-S2004,18,6,10.0,1.0,0.0,2004,5f8ef0e75f68
INST-FAM-B-N20-S2000,20,7,10.0,1.0,0.0,2000,47bd0f541c41
INST-FAM-B-N20-S2001,20,7,10.0,1.0,0.0,2001,87f3dd41308f
INST-FAM-B-N20-S2002,20,7,10.0,1.0,0.0,2002,a7886356e41a
INST-FAM-B-N20-S2003,20,7,10.0,1.0,0.0,2003,5e71bfe84de1
INST-FAM-B-N20-S2004,20,7,10.0,1.0,0.0,2004,d6b63d33dbdf
