instance_id,N,K,combinations_evaluated,exact_optimum,runtime,status
INST-FAM-B-N4-S2000,4,2,16,1.1945,0.0,PASS
INST-FAM-B-N4-S2001,4,2,16,1.7291,0.0,PASS
INST-FAM-B-N4-S2002,4,2,16,1.2249,0.0,PASS
INST-FAM-B-N4-S2003,4,2,16,1.0565,0.0,PASS
INST-FAM-B-N4-S2004,4,2,16,1.3745,0.0,PASS
INST-FAM-B-N6-S2000,6,2,64,1.1945,0.0,PASS
INST-FAM-B-N6-S2001,6,2,64,1.7291,0.0,PASS
INST-FAM-B-N6-S2002,6,2,64,1.3301,0.0,PASS
INST-FAM-B-N6-S2003,6,2,64,1.3376,0.0,PASS
INST-FAM-B-N6-S2004,6,2,64,1.5174,0.0,PASS
INST-FAM-B-N8-S2000,8,3,256,1.8037,0.001011,PASS
INST-FAM-B-N8-S2001,8,3,256,2.4119,0.001008,PASS
INST-FAM-B-N8-S2002,8,3,256,2.0513,0.00101,PASS
INST-FAM-B-N8-S2003,8,3,256,2.461,0.000998,PASS
INST-FAM-B-N8-S2004,8,3,256,2.3978,0.0,PASS
INST-FAM-B-N10-S2000,10,4,1024,2.3761,0.000996,PASS
INST-FAM-B-N10-S2001,10,4,1024,3.0465,0.002045,PASS
INST-FAM-B-N10-S2002,10,4,1024,2.618,0.002002,PASS
INST-FAM-B-N10-S2003,10,4,1024,3.2694,0.000973,PASS
INST-FAM-B-N10-S2004,10,4,1024,3.129,0.001003,PASS
INST-FAM-B-N12-S2000,12,4,4096,2.3761,0.004996,PASS
INST-FAM-B-N12-S2001,12,4,4096,3.2475,0.005858,PASS
INST-FAM-B-N12-S2002,12,4,4096,2.618,0.005999,PASS
INST-FAM-B-N12-S2003,12,4,4096,3.2694,0.009065,PASS
INST-FAM-B-N12-S2004,12,4,4096,3.129,0.006047,PASS
INST-FAM-B-N14-S2000,14,5,16384,3.062,0.030536,PASS
INST-FAM-B-N14-S2001,14,5,16384,3.8983,0.025733,PASS
INST-FAM-B-N14-S2002,14,5,16384,3.3208,0.024942,PASS
INST-FAM-B-N14-S2003,14,5,16384,4.0493,0.025088,PASS
INST-FAM-B-N14-S2004,14,5,16384,3.7404,0.030068,PASS
INST-FAM-B-N16-S2000,16,6,65536,3.886,0.111148,PASS
INST-FAM-B-N16-S2001,16,6,65536,4.7678,0.111821,PASS
INST-FAM-B-N16-S2002,16,6,65536,3.8809,0.123103,PASS
INST-FAM-B-N16-S2003,16,6,65536,4.7649,0.148254,PASS
INST-FAM-B-N16-S2004,16,6,65536,4.4027,0.142735,PASS
INST-FAM-B-N18-S2000,18,6,262144,3.886,0.513253,PASS
INST-FAM-B-N18-S2001,18,6,262144,4.8054,0.438904,PASS
INST-FAM-B-N18-S2002,18,6,262144,3.9142,0.443137,PASS
INST-FAM-B-N18-S2003,18,6,262144,4.9043,0.438965,PASS
INST-FAM-B-N18-S2004,18,6,262144,4.4027,0.438466,PASS
INST-FAM-B-N20-S2000,20,7,0,INFEASIBLE_MEMORY_LIMIT,TIMEOUT,INFEASIBLE_BOUNDARY
INST-FAM-B-N20-S2001,20,7,0,INFEASIBLE_MEMORY_LIMIT,TIMEOUT,INFEASIBLE_BOUNDARY
INST-FAM-B-N20-S2002,20,7,0,INFEASIBLE_MEMORY_LIMIT,TIMEOUT,INFEASIBLE_BOUNDARY
INST-FAM-B-N20-S2003,20,7,0,INFEASIBLE_MEMORY_LIMIT,TIMEOUT,INFEASIBLE_BOUNDARY
INST-FAM-B-N20-S2004,20,7,0,INFEASIBLE_MEMORY_LIMIT,TIMEOUT,INFEASIBLE_BOUNDARY
