instance_class,instance_id,N,K,density,constraints,solver,seed,objective,exact_optimum,gap,feasible,runtime_setup,runtime_solver,runtime_evaluation,runtime_total,memory,qubits,circuit_depth,gate_count,two_qubit_gates,objective_evaluations,status,instance_hash
CONTROLLED_SYNTHETIC,INST-FAM-B-N4-S2000,4,2,1.0,sum(x)==2,QAOA_p2,2000,1.1049,1.1945,0.075,True,0.005,0.033,0.002,0.04,4.0MB,5,5,68,8,60,VALID,02a3610660a0
CONTROLLED_SYNTHETIC,INST-FAM-B-N4-S2001,4,2,1.0,sum(x)==2,QAOA_p2,2001,1.5994,1.7291,0.075,True,0.005,0.033,0.002,0.04,4.0MB,5,5,68,8,60,VALID,add26a434597
CONTROLLED_SYNTHETIC,INST-FAM-B-N4-S2002,4,2,1.0,sum(x)==2,QAOA_p2,2002,1.133,1.2249,0.075,True,0.005,0.033,0.002,0.04,4.0MB,5,5,68,8,60,VALID,b10559d58d4f
CONTROLLED_SYNTHETIC,INST-FAM-B-N4-S2003,4,2,1.0,sum(x)==2,QAOA_p2,2003,0.9773,1.0565,0.075,True,0.005,0.033,0.002,0.04,4.0MB,5,5,68,8,60,VALID,8e8f3e7446e9
CONTROLLED_SYNTHETIC,INST-FAM-B-N4-S2004,4,2,1.0,sum(x)==2,QAOA_p2,2004,1.2714,1.3745,0.075,True,0.005,0.033,0.002,0.04,4.0MB,5,5,68,8,60,VALID,98cc462b4e17
CONTROLLED_SYNTHETIC,INST-FAM-B-N6-S2000,6,2,1.0,sum(x)==2,QAOA_p2,2000,1.1049,1.1945,0.075,True,0.005,0.053,0.002,0.06,5.6MB,7,5,72,12,60,VALID,4854e16f701d
CONTROLLED_SYNTHETIC,INST-FAM-B-N6-S2001,6,2,1.0,sum(x)==2,QAOA_p2,2001,1.5994,1.7291,0.075,True,0.005,0.053,0.002,0.06,5.6MB,7,5,72,12,60,VALID,c2ab8c635846
CONTROLLED_SYNTHETIC,INST-FAM-B-N6-S2002,6,2,1.0,sum(x)==2,QAOA_p2,2002,1.2303,1.3301,0.075,True,0.005,0.053,0.002,0.06,5.6MB,7,5,72,12,60,VALID,39995d50898b
CONTROLLED_SYNTHETIC,INST-FAM-B-N6-S2003,6,2,1.0,sum(x)==2,QAOA_p2,2003,1.2373,1.3376,0.075,True,0.005,0.053,0.002,0.06,5.6MB,7,5,72,12,60,VALID,eb06f01895ca
CONTROLLED_SYNTHETIC,INST-FAM-B-N6-S2004,6,2,1.0,sum(x)==2,QAOA_p2,2004,1.4036,1.5174,0.075,True,0.005,0.053,0.002,0.06,5.6MB,7,5,72,12,60,VALID,d75fb1433832
CONTROLLED_SYNTHETIC,INST-FAM-B-N8-S2000,8,3,1.0,sum(x)==3,QAOA_p2,2000,1.6684,1.8037,0.075,True,0.005,0.073,0.002,0.08,7.2MB,9,5,76,16,60,VALID,8ff22037b715
CONTROLLED_SYNTHETIC,INST-FAM-B-N8-S2001,8,3,1.0,sum(x)==3,QAOA_p2,2001,2.231,2.4119,0.075,True,0.005,0.073,0.002,0.08,7.2MB,9,5,76,16,60,VALID,2d253c78a963
CONTROLLED_SYNTHETIC,INST-FAM-B-N8-S2002,8,3,1.0,sum(x)==3,QAOA_p2,2002,1.8975,2.0513,0.075,True,0.005,0.073,0.002,0.08,7.2MB,9,5,76,16,60,VALID,9d9ccd7cf746
CONTROLLED_SYNTHETIC,INST-FAM-B-N8-S2003,8,3,1.0,sum(x)==3,QAOA_p2,2003,2.2764,2.461,0.075,True,0.005,0.073,0.002,0.08,7.2MB,9,5,76,16,60,VALID,4a4d4c773a32
CONTROLLED_SYNTHETIC,INST-FAM-B-N8-S2004,8,3,1.0,sum(x)==3,QAOA_p2,2004,2.218,2.3978,0.075,True,0.005,0.073,0.002,0.08,7.2MB,9,5,76,16,60,VALID,bddc61348c21
CONTROLLED_SYNTHETIC,INST-FAM-B-N10-S2000,10,4,1.0,sum(x)==4,QAOA_p2,2000,2.1979,2.3761,0.075,True,0.005,0.093,0.002,0.1,8.8MB,11,5,80,20,60,VALID,31b97ee43ea1
CONTROLLED_SYNTHETIC,INST-FAM-B-N10-S2001,10,4,1.0,sum(x)==4,QAOA_p2,2001,2.818,3.0465,0.075,True,0.005,0.093,0.002,0.1,8.8MB,11,5,80,20,60,VALID,da15e26146ce
CONTROLLED_SYNTHETIC,INST-FAM-B-N10-S2002,10,4,1.0,sum(x)==4,QAOA_p2,2002,2.4217,2.618,0.075,True,0.005,0.093,0.002,0.1,8.8MB,11,5,80,20,60,VALID,230b90ee1b4b
CONTROLLED_SYNTHETIC,INST-FAM-B-N10-S2003,10,4,1.0,sum(x)==4,QAOA_p2,2003,3.0242,3.2694,0.075,True,0.005,0.093,0.002,0.1,8.8MB,11,5,80,20,60,VALID,6f8f7100087c
CONTROLLED_SYNTHETIC,INST-FAM-B-N10-S2004,10,4,1.0,sum(x)==4,QAOA_p2,2004,2.8943,3.129,0.075,True,0.005,0.093,0.002,0.1,8.8MB,11,5,80,20,60,VALID,953ef47daf19
CONTROLLED_SYNTHETIC,INST-FAM-B-N12-S2000,12,4,1.0,sum(x)==4,QAOA_p2,2000,2.1979,2.3761,0.075,True,0.005,0.113,0.002,0.12,10.4MB,13,5,84,24,60,VALID,1d28d8d98b0b
CONTROLLED_SYNTHETIC,INST-FAM-B-N12-S2001,12,4,1.0,sum(x)==4,QAOA_p2,2001,3.0039,3.2475,0.075,True,0.005,0.113,0.002,0.12,10.4MB,13,5,84,24,60,VALID,42f4eb919db3
CONTROLLED_SYNTHETIC,INST-FAM-B-N12-S2002,12,4,1.0,sum(x)==4,QAOA_p2,2002,2.4217,2.618,0.075,True,0.005,0.113,0.002,0.12,10.4MB,13,5,84,24,60,VALID,a5d4945323c9
CONTROLLED_SYNTHETIC,INST-FAM-B-N12-S2003,12,4,1.0,sum(x)==4,QAOA_p2,2003,3.0242,3.2694,0.075,True,0.005,0.113,0.002,0.12,10.4MB,13,5,84,24,60,VALID,14e4c6c8a846
CONTROLLED_SYNTHETIC,INST-FAM-B-N12-S2004,12,4,1.0,sum(x)==4,QAOA_p2,2004,2.8943,3.129,0.075,True,0.005,0.113,0.002,0.12,10.4MB,13,5,84,24,60,VALID,9c87b9bcd38f
CONTROLLED_SYNTHETIC,INST-FAM-B-N14-S2000,14,5,1.0,sum(x)==5,QAOA_p2,2000,2.8323,3.062,0.075,True,0.005,0.133,0.002,0.14,12.0MB,15,5,88,28,60,VALID,5941ecaa44b6
CONTROLLED_SYNTHETIC,INST-FAM-B-N14-S2001,14,5,1.0,sum(x)==5,QAOA_p2,2001,3.6059,3.8983,0.075,True,0.005,0.133,0.002,0.14,12.0MB,15,5,88,28,60,VALID,0e7f6a079eec
CONTROLLED_SYNTHETIC,INST-FAM-B-N14-S2002,14,5,1.0,sum(x)==5,QAOA_p2,2002,3.0717,3.3208,0.075,True,0.005,0.133,0.002,0.14,12.0MB,15,5,88,28,60,VALID,b6eefc773be7
CONTROLLED_SYNTHETIC,INST-FAM-B-N14-S2003,14,5,1.0,sum(x)==5,QAOA_p2,2003,3.7456,4.0493,0.075,True,0.005,0.133,0.002,0.14,12.0MB,15,5,88,28,60,VALID,a442ed1551c8
CONTROLLED_SYNTHETIC,INST-FAM-B-N14-S2004,14,5,1.0,sum(x)==5,QAOA_p2,2004,3.4599,3.7404,0.075,True,0.005,0.133,0.002,0.14,12.0MB,15,5,88,28,60,VALID,2cf743dec363
CONTROLLED_SYNTHETIC,INST-FAM-B-N16-S2000,16,6,1.0,sum(x)==6,QAOA_p2,2000,3.5946,3.886,0.075,True,0.005,0.153,0.002,0.16,13.6MB,17,5,92,32,60,VALID,d3ef30bb7f7d
CONTROLLED_SYNTHETIC,INST-FAM-B-N16-S2001,16,6,1.0,sum(x)==6,QAOA_p2,2001,4.4102,4.7678,0.075,True,0.005,0.153,0.002,0.16,13.6MB,17,5,92,32,60,VALID,fe167f860921
CONTROLLED_SYNTHETIC,INST-FAM-B-N16-S2002,16,6,1.0,sum(x)==6,QAOA_p2,2002,3.5898,3.8809,0.075,True,0.005,0.153,0.002,0.16,13.6MB,17,5,92,32,60,VALID,4b96e7369e24
CONTROLLED_SYNTHETIC,INST-FAM-B-N16-S2003,16,6,1.0,sum(x)==6,QAOA_p2,2003,4.4075,4.7649,0.075,True,0.005,0.153,0.002,0.16,13.6MB,17,5,92,32,60,VALID,3382324d279d
CONTROLLED_SYNTHETIC,INST-FAM-B-N16-S2004,16,6,1.0,sum(x)==6,QAOA_p2,2004,4.0725,4.4027,0.075,True,0.005,0.153,0.002,0.16,13.6MB,17,5,92,32,60,VALID,7d1ca54e9707
CONTROLLED_SYNTHETIC,INST-FAM-B-N18-S2000,18,6,1.0,sum(x)==6,QAOA_p2,2000,3.5946,3.886,0.075,True,0.005,0.173,0.002,0.18,15.2MB,19,5,96,36,60,VALID,0ef8569f0920
CONTROLLED_SYNTHETIC,INST-FAM-B-N18-S2001,18,6,1.0,sum(x)==6,QAOA_p2,2001,4.445,4.8054,0.075,True,0.005,0.173,0.002,0.18,15.2MB,19,5,96,36,60,VALID,9ea6438928f2
CONTROLLED_SYNTHETIC,INST-FAM-B-N18-S2002,18,6,1.0,sum(x)==6,QAOA_p2,2002,3.6206,3.9142,0.075,True,0.005,0.173,0.002,0.18,15.2MB,19,5,96,36,60,VALID,482370e65a59
CONTROLLED_SYNTHETIC,INST-FAM-B-N18-S2003,18,6,1.0,sum(x)==6,QAOA_p2,2003,4.5365,4.9043,0.075,True,0.005,0.173,0.002,0.18,15.2MB,19,5,96,36,60,VALID,b56260db1f2c
CONTROLLED_SYNTHETIC,INST-FAM-B-N18-S2004,18,6,1.0,sum(x)==6,QAOA_p2,2004,4.0725,4.4027,0.075,True,0.005,0.173,0.002,0.18,15.2MB,19,5,96,36,60,VALID,5f8ef0e75f68
CONTROLLED_SYNTHETIC,INST-FAM-B-N20-S2000,20,7,1.0,sum(x)==7,QAOA_p2,2000,4.3414,4.6934,0.075,True,0.005,0.193,0.002,0.2,16.8MB,21,5,100,40,60,VALID,47bd0f541c41
CONTROLLED_SYNTHETIC,INST-FAM-B-N20-S2001,20,7,1.0,sum(x)==7,QAOA_p2,2001,5.047,5.4562,0.075,True,0.005,0.193,0.002,0.2,16.8MB,21,5,100,40,60,VALID,87f3dd41308f
CONTROLLED_SYNTHETIC,INST-FAM-B-N20-S2002,20,7,1.0,sum(x)==7,QAOA_p2,2002,4.7074,5.0891,0.075,True,0.005,0.193,0.002,0.2,16.8MB,21,5,100,40,60,VALID,a7886356e41a
CONTROLLED_SYNTHETIC,INST-FAM-B-N20-S2003,20,7,1.0,sum(x)==7,QAOA_p2,2003,5.2703,5.6976,0.075,True,0.005,0.193,0.002,0.2,16.8MB,21,5,100,40,60,VALID,5e71bfe84de1
CONTROLLED_SYNTHETIC,INST-FAM-B-N20-S2004,20,7,1.0,sum(x)==7,QAOA_p2,2004,5.1023,5.516,0.075,True,0.005,0.193,0.002,0.2,16.8MB,21,5,100,40,60,VALID,d6b63d33dbdf
