district_id,district_name,decision_id,workflow_id,request_id,risk_score,priority_score,selected_strategy_count,validation_status,context_hash
ariyalur,Ariyalur,DEC-ARIYALUR-69664cef,WF-ARIYALUR-69664cef,REQ-ARIYALUR-69664cef,0.75,0.8,5,VERIFIED,31cdb7968c3603e32d5976f058e673142c6099c5af009249013a0f5538cd3f47
chengalpattu,Chengalpattu,DEC-CHENGALPATTU-22518055,WF-CHENGALPATTU-22518055,REQ-CHENGALPATTU-22518055,0.75,0.8,5,VERIFIED,6db3055c177a13d5c3f8ee80adba9ea783a4d8a88def38450ff73ac42cf50815
chennai,Chennai,DEC-CHENNAI-896e9726,WF-CHENNAI-896e9726,REQ-CHENNAI-896e9726,0.75,0.8,4,VERIFIED,8aa85f6a47eb50a2a3845fa2bcd47b3004284d3c3fe57a010dc0cdd05d2b3a18
coimbatore,Coimbatore,DEC-COIMBATORE-3c282f0e,WF-COIMBATORE-3c282f0e,REQ-COIMBATORE-3c282f0e,0.75,0.8,4,VERIFIED,61688cc354505ff5a8d1fd52125ac6dcb678b00b463ddc0143d8f95d356ce9fa
cuddalore,Cuddalore,DEC-CUDDALORE-88a75250,WF-CUDDALORE-88a75250,REQ-CUDDALORE-88a75250,0.75,0.8,5,VERIFIED,be5022c266227be9036fe6f61c24e952f7a7661c51e125e2325c338de9e0563e
dharmapuri,Dharmapuri,DEC-DHARMAPURI-88c6bf83,WF-DHARMAPURI-88c6bf83,REQ-DHARMAPURI-88c6bf83,0.75,0.8,5,VERIFIED,d991d8b01589e86b432cb724169e03dd7d697df30ec75b3e9cec475a049a2fec
dindigul,Dindigul,DEC-DINDIGUL-ea326972,WF-DINDIGUL-ea326972,REQ-DINDIGUL-ea326972,0.75,0.8,5,VERIFIED,7cdcfaf76b0363185534504476ce924b97a05006aa6d4541a62cad9b07aeaf16
erode,Erode,DEC-ERODE-be16d37c,WF-ERODE-be16d37c,REQ-ERODE-be16d37c,0.75,0.8,5,VERIFIED,73842199abb61589c9df47755eb298d74340537b8a75b49e64a576debc84c3e9
kallakurichi,Kallakurichi,DEC-KALLAKURICHI-ceb6da34,WF-KALLAKURICHI-ceb6da34,REQ-KALLAKURICHI-ceb6da34,0.75,0.8,5,VERIFIED,ecd9ddae92950805973aeff8ce1744982480cfdfb1e9d039332ccb36532758cf
kancheepuram,Kancheepuram,DEC-KANCHEEPURAM-94203b71,WF-KANCHEEPURAM-94203b71,REQ-KANCHEEPURAM-94203b71,0.75,0.8,5,VERIFIED,fb1d187ed2cfcdf61cb6307d33496eaffcf77594645cf2845dd8c9460d4ea06d
kanniyakumari,Kanniyakumari,DEC-KANNIYAKUMARI-0ce0c6a0,WF-KANNIYAKUMARI-0ce0c6a0,REQ-KANNIYAKUMARI-0ce0c6a0,0.75,0.8,5,VERIFIED,29aaef1b072edc05d8cdf142720468c963b7c5f5015c62b87c17f8d94cdf6d74
karur,Karur,DEC-KARUR-4b8a806a,WF-KARUR-4b8a806a,REQ-KARUR-4b8a806a,0.75,0.8,5,VERIFIED,ab3bb800125b5919036b93b18a8027cd40391ec5a91f0f7790a3599691877a22
krishnagiri,Krishnagiri,DEC-KRISHNAGIRI-441da5b2,WF-KRISHNAGIRI-441da5b2,REQ-KRISHNAGIRI-441da5b2,0.75,0.8,5,VERIFIED,1bf8898cf72b22cb2034e7d109c102d3abe4b46261c79fa072612794350df951
madurai,Madurai,DEC-MADURAI-ce06d347,WF-MADURAI-ce06d347,REQ-MADURAI-ce06d347,0.75,0.8,5,VERIFIED,ced021ce0e65115ce218660a6a28bffd55e144c915f5608cd3883f4c97844c37
mayiladuthurai,Mayiladuthurai,DEC-MAYILADUTHURAI-5a59ba57,WF-MAYILADUTHURAI-5a59ba57,REQ-MAYILADUTHURAI-5a59ba57,0.75,0.8,5,VERIFIED,57d1732d67b05b21564b15eeb461b047283cb432ad813cd0a40257286c875e5d
nagapattinam,Nagapattinam,DEC-NAGAPATTINAM-f65f42ca,WF-NAGAPATTINAM-f65f42ca,REQ-NAGAPATTINAM-f65f42ca,0.75,0.8,5,VERIFIED,a93c3ef4444f1b4007698d472095c86b51b2af1d3ac9eb2c0598d82357e8359b
namakkal,Namakkal,DEC-NAMAKKAL-a5992c68,WF-NAMAKKAL-a5992c68,REQ-NAMAKKAL-a5992c68,0.75,0.8,5,VERIFIED,775a903bfe22f55158a8e76d66dcf1ca993015840273d41303d8ef09958520ca
nilgiris,Nilgiris,DEC-NILGIRIS-715a8569,WF-NILGIRIS-715a8569,REQ-NILGIRIS-715a8569,0.75,0.8,5,VERIFIED,666d96bba0956c37c05ce3d296c52fc77fa2da2abd582afa4c91fdf2ac0081d7
perambalur,Perambalur,DEC-PERAMBALUR-e0957a14,WF-PERAMBALUR-e0957a14,REQ-PERAMBALUR-e0957a14,0.75,0.8,5,VERIFIED,ec4a1dac63336a98ee4bc3731b2a1b9ca01fe34b125baabbeed78bad7f0d8223
pudukkottai,Pudukkottai,DEC-PUDUKKOTTAI-1e9059bf,WF-PUDUKKOTTAI-1e9059bf,REQ-PUDUKKOTTAI-1e9059bf,0.75,0.8,5,VERIFIED,df01e1dc4357e740c1bd985f8993681276ba7e020e8bb7faf249f8b3025450dd
ramanathapuram,Ramanathapuram,DEC-RAMANATHAPURAM-11f97232,WF-RAMANATHAPURAM-11f97232,REQ-RAMANATHAPURAM-11f97232,0.75,0.8,5,VERIFIED,7e7b979dc0a712b69491ed4a164d1096e9aef270600cd6607fc1e747c74f346b
ranipet,Ranipet,DEC-RANIPET-92e3eb05,WF-RANIPET-92e3eb05,REQ-RANIPET-92e3eb05,0.75,0.8,5,VERIFIED,563ac006e46967a1bc7c4cda8267ef3a20db90d857d23bc97fed5bcf9093da27
salem,Salem,DEC-SALEM-f8a80401,WF-SALEM-f8a80401,REQ-SALEM-f8a80401,0.75,0.8,5,VERIFIED,080356fac769668a767523737836e1691c00a132b5afba5609808f60c8cfda44
sivaganga,Sivaganga,DEC-SIVAGANGA-83856dfe,WF-SIVAGANGA-83856dfe,REQ-SIVAGANGA-83856dfe,0.75,0.8,5,VERIFIED,19f3eaf544deab03c9fdf0b1eedf9e19656fc52c6372b97654f45aea86a4ee9d
tenkasi,Tenkasi,DEC-TENKASI-6fb7e3cf,WF-TENKASI-6fb7e3cf,REQ-TENKASI-6fb7e3cf,0.75,0.8,5,VERIFIED,f9eb1ec8b6cc7e4d10ee2ef1c804b348056799dbb9d23af0c35cb1d1671bba4d
thanjavur,Thanjavur,DEC-THANJAVUR-2862f428,WF-THANJAVUR-2862f428,REQ-THANJAVUR-2862f428,0.75,0.8,5,VERIFIED,363a80f9e07abe77feb2db97dbb2ed477e9d57a0eaac5db2a7ae22de4625cb20
theni,Theni,DEC-THENI-3bcb7f80,WF-THENI-3bcb7f80,REQ-THENI-3bcb7f80,0.75,0.8,5,VERIFIED,cdb224e1284ddc332aa7b3bdbfa72161e9ec533a70f429030502abe47fbe5eb5
thoothukudi,Thoothukudi,DEC-THOOTHUKUDI-e5f833b7,WF-THOOTHUKUDI-e5f833b7,REQ-THOOTHUKUDI-e5f833b7,0.75,0.8,5,VERIFIED,1e790fcf37bdc3f2fe514f8358328be7c9b25d56d04369b9d188af618f87fdfb
tiruchirappalli,Tiruchirappalli,DEC-TIRUCHIRAPPALLI-abd8cf88,WF-TIRUCHIRAPPALLI-abd8cf88,REQ-TIRUCHIRAPPALLI-abd8cf88,0.75,0.8,5,VERIFIED,d7437761147221bc9857e507e0f1b2c3d0f48125ab61812c9b1025bb387d44be
tirunelveli,Tirunelveli,DEC-TIRUNELVELI-26326225,WF-TIRUNELVELI-26326225,REQ-TIRUNELVELI-26326225,0.75,0.8,5,VERIFIED,f5420c4054dcd5de218ace84fe6c522ef3729ee42cde8a49ffea9882ac9b8b46
tirupathur,Tirupathur,DEC-TIRUPATHUR-1bfc9f08,WF-TIRUPATHUR-1bfc9f08,REQ-TIRUPATHUR-1bfc9f08,0.75,0.8,5,VERIFIED,0300be24d62cc058f002fbc00cbe70a4117e53acff4ed5ee60dd0b95c1219f73
tiruppur,Tiruppur,DEC-TIRUPPUR-fe82493d,WF-TIRUPPUR-fe82493d,REQ-TIRUPPUR-fe82493d,0.75,0.8,5,VERIFIED,bea6c171220566776b6322f6149b1d2d213fb32a92d9941990800ad108d75045
tiruvallur,Tiruvallur,DEC-TIRUVALLUR-282590a2,WF-TIRUVALLUR-282590a2,REQ-TIRUVALLUR-282590a2,0.75,0.8,5,VERIFIED,a9c930c17b2e39d4c821e5cac9657795bd20c77c72ce065b70ec34ec993254fd
tiruvannamalai,Tiruvannamalai,DEC-TIRUVANNAMALAI-588654a6,WF-TIRUVANNAMALAI-588654a6,REQ-TIRUVANNAMALAI-588654a6,0.75,0.8,5,VERIFIED,27a87c4096e008bfba3b52501f05b78a02129d8151e23d105b4205999eec71e1
tiruvarur,Tiruvarur,DEC-TIRUVARUR-fa586297,WF-TIRUVARUR-fa586297,REQ-TIRUVARUR-fa586297,0.75,0.8,5,VERIFIED,9b4dd44992a7c097cef1bfb038f0e6527be55f7369abdda52b911b63a6a32817
vellore,Vellore,DEC-VELLORE-60b18c7f,WF-VELLORE-60b18c7f,REQ-VELLORE-60b18c7f,0.75,0.8,5,VERIFIED,12012d4852414811e5eb235b0e3522f134cfe7d0cd8e6788300f3f58026f68b5
viluppuram,Viluppuram,DEC-VILUPPURAM-0f98b7cc,WF-VILUPPURAM-0f98b7cc,REQ-VILUPPURAM-0f98b7cc,0.75,0.8,5,VERIFIED,61300d9f208046ec4925cc639401519b5fc2ac50e4bd9c02c3f7c2f39dc04903
virudhunagar,Virudhunagar,DEC-VIRUDHUNAGAR-f764a84d,WF-VIRUDHUNAGAR-f764a84d,REQ-VIRUDHUNAGAR-f764a84d,0.75,0.8,5,VERIFIED,658f642dd60146dc6ac0a4bc3027e1aaa473e73c6053146beb643e089cdc701f
