district_id,district_name,risk_engine,exposure_engine,vulnerability_engine,resilience_engine,priority_engine,applicability_engine,classical_optimization,qubo_formulation,qaoa_optimization,rag_evidence,llm_explanation,end_to_end_status
ariyalur,Ariyalur,VERIFIED,VERIFIED,VERIFIED,VERIFIED,VERIFIED,VERIFIED,VERIFIED (MILP),VERIFIED,VERIFIED (p=2),VERIFIED,VERIFIED,VERIFIED
chengalpattu,Chengalpattu,VERIFIED,VERIFIED,VERIFIED,VERIFIED,VERIFIED,VERIFIED,VERIFIED (MILP),VERIFIED,VERIFIED (p=2),VERIFIED,VERIFIED,VERIFIED
chennai,Chennai,VERIFIED,VERIFIED,VERIFIED,VERIFIED,VERIFIED,VERIFIED,VERIFIED (MILP),VERIFIED,VERIFIED (p=2),VERIFIED,VERIFIED,VERIFIED
coimbatore,Coimbatore,VERIFIED,VERIFIED,VERIFIED,VERIFIED,VERIFIED,VERIFIED,VERIFIED (MILP),VERIFIED,VERIFIED (p=2),VERIFIED,VERIFIED,VERIFIED
cuddalore,Cuddalore,VERIFIED,VERIFIED,VERIFIED,VERIFIED,VERIFIED,VERIFIED,VERIFIED (MILP),VERIFIED,VERIFIED (p=2),VERIFIED,VERIFIED,VERIFIED
dharmapuri,Dharmapuri,VERIFIED,VERIFIED,VERIFIED,VERIFIED,VERIFIED,VERIFIED,VERIFIED (MILP),VERIFIED,VERIFIED (p=2),VERIFIED,VERIFIED,VERIFIED
dindigul,Dindigul,VERIFIED,VERIFIED,VERIFIED,VERIFIED,VERIFIED,VERIFIED,VERIFIED (MILP),VERIFIED,VERIFIED (p=2),VERIFIED,VERIFIED,VERIFIED
erode,Erode,VERIFIED,VERIFIED,VERIFIED,VERIFIED,VERIFIED,VERIFIED,VERIFIED (MILP),VERIFIED,VERIFIED (p=2),VERIFIED,VERIFIED,VERIFIED
kallakurichi,Kallakurichi,VERIFIED,VERIFIED,VERIFIED,VERIFIED,VERIFIED,VERIFIED,VERIFIED (MILP),VERIFIED,VERIFIED (p=2),VERIFIED,VERIFIED,VERIFIED
kancheepuram,Kancheepuram,VERIFIED,VERIFIED,VERIFIED,VERIFIED,VERIFIED,VERIFIED,VERIFIED (MILP),VERIFIED,VERIFIED (p=2),VERIFIED,VERIFIED,VERIFIED
kanniyakumari,Kanniyakumari,VERIFIED,VERIFIED,VERIFIED,VERIFIED,VERIFIED,VERIFIED,VERIFIED (MILP),VERIFIED,VERIFIED (p=2),VERIFIED,VERIFIED,VERIFIED
karur,Karur,VERIFIED,VERIFIED,VERIFIED,VERIFIED,VERIFIED,VERIFIED,VERIFIED (MILP),VERIFIED,VERIFIED (p=2),VERIFIED,VERIFIED,VERIFIED
krishnagiri,Krishnagiri,VERIFIED,VERIFIED,VERIFIED,VERIFIED,VERIFIED,VERIFIED,VERIFIED (MILP),VERIFIED,VERIFIED (p=2),VERIFIED,VERIFIED,VERIFIED
madurai,Madurai,VERIFIED,VERIFIED,VERIFIED,VERIFIED,VERIFIED,VERIFIED,VERIFIED (MILP),VERIFIED,VERIFIED (p=2),VERIFIED,VERIFIED,VERIFIED
mayiladuthurai,Mayiladuthurai,VERIFIED,VERIFIED,VERIFIED,VERIFIED,VERIFIED,VERIFIED,VERIFIED (MILP),VERIFIED,VERIFIED (p=2),VERIFIED,VERIFIED,VERIFIED
nagapattinam,Nagapattinam,VERIFIED,VERIFIED,VERIFIED,VERIFIED,VERIFIED,VERIFIED,VERIFIED (MILP),VERIFIED,VERIFIED (p=2),VERIFIED,VERIFIED,VERIFIED
namakkal,Namakkal,VERIFIED,VERIFIED,VERIFIED,VERIFIED,VERIFIED,VERIFIED,VERIFIED (MILP),VERIFIED,VERIFIED (p=2),VERIFIED,VERIFIED,VERIFIED
nilgiris,Nilgiris,VERIFIED,VERIFIED,VERIFIED,VERIFIED,VERIFIED,VERIFIED,VERIFIED (MILP),VERIFIED,VERIFIED (p=2),VERIFIED,VERIFIED,VERIFIED
perambalur,Perambalur,VERIFIED,VERIFIED,VERIFIED,VERIFIED,VERIFIED,VERIFIED,VERIFIED (MILP),VERIFIED,VERIFIED (p=2),VERIFIED,VERIFIED,VERIFIED
pudukkottai,Pudukkottai,VERIFIED,VERIFIED,VERIFIED,VERIFIED,VERIFIED,VERIFIED,VERIFIED (MILP),VERIFIED,VERIFIED (p=2),VERIFIED,VERIFIED,VERIFIED
ramanathapuram,Ramanathapuram,VERIFIED,VERIFIED,VERIFIED,VERIFIED,VERIFIED,VERIFIED,VERIFIED (MILP),VERIFIED,VERIFIED (p=2),VERIFIED,VERIFIED,VERIFIED
ranipet,Ranipet,VERIFIED,VERIFIED,VERIFIED,VERIFIED,VERIFIED,VERIFIED,VERIFIED (MILP),VERIFIED,VERIFIED (p=2),VERIFIED,VERIFIED,VERIFIED
salem,Salem,VERIFIED,VERIFIED,VERIFIED,VERIFIED,VERIFIED,VERIFIED,VERIFIED (MILP),VERIFIED,VERIFIED (p=2),VERIFIED,VERIFIED,VERIFIED
sivaganga,Sivaganga,VERIFIED,VERIFIED,VERIFIED,VERIFIED,VERIFIED,VERIFIED,VERIFIED (MILP),VERIFIED,VERIFIED (p=2),VERIFIED,VERIFIED,VERIFIED
tenkasi,Tenkasi,VERIFIED,VERIFIED,VERIFIED,VERIFIED,VERIFIED,VERIFIED,VERIFIED (MILP),VERIFIED,VERIFIED (p=2),VERIFIED,VERIFIED,VERIFIED
thanjavur,Thanjavur,VERIFIED,VERIFIED,VERIFIED,VERIFIED,VERIFIED,VERIFIED,VERIFIED (MILP),VERIFIED,VERIFIED (p=2),VERIFIED,VERIFIED,VERIFIED
theni,Theni,VERIFIED,VERIFIED,VERIFIED,VERIFIED,VERIFIED,VERIFIED,VERIFIED (MILP),VERIFIED,VERIFIED (p=2),VERIFIED,VERIFIED,VERIFIED
thoothukudi,Thoothukudi,VERIFIED,VERIFIED,VERIFIED,VERIFIED,VERIFIED,VERIFIED,VERIFIED (MILP),VERIFIED,VERIFIED (p=2),VERIFIED,VERIFIED,VERIFIED
tiruchirappalli,Tiruchirappalli,VERIFIED,VERIFIED,VERIFIED,VERIFIED,VERIFIED,VERIFIED,VERIFIED (MILP),VERIFIED,VERIFIED (p=2),VERIFIED,VERIFIED,VERIFIED
tirunelveli,Tirunelveli,VERIFIED,VERIFIED,VERIFIED,VERIFIED,VERIFIED,VERIFIED,VERIFIED (MILP),VERIFIED,VERIFIED (p=2),VERIFIED,VERIFIED,VERIFIED
tirupathur,Tirupathur,VERIFIED,VERIFIED,VERIFIED,VERIFIED,VERIFIED,VERIFIED,VERIFIED (MILP),VERIFIED,VERIFIED (p=2),VERIFIED,VERIFIED,VERIFIED
tiruppur,Tiruppur,VERIFIED,VERIFIED,VERIFIED,VERIFIED,VERIFIED,VERIFIED,VERIFIED (MILP),VERIFIED,VERIFIED (p=2),VERIFIED,VERIFIED,VERIFIED
tiruvallur,Tiruvallur,VERIFIED,VERIFIED,VERIFIED,VERIFIED,VERIFIED,VERIFIED,VERIFIED (MILP),VERIFIED,VERIFIED (p=2),VERIFIED,VERIFIED,VERIFIED
tiruvannamalai,Tiruvannamalai,VERIFIED,VERIFIED,VERIFIED,VERIFIED,VERIFIED,VERIFIED,VERIFIED (MILP),VERIFIED,VERIFIED (p=2),VERIFIED,VERIFIED,VERIFIED
tiruvarur,Tiruvarur,VERIFIED,VERIFIED,VERIFIED,VERIFIED,VERIFIED,VERIFIED,VERIFIED (MILP),VERIFIED,VERIFIED (p=2),VERIFIED,VERIFIED,VERIFIED
vellore,Vellore,VERIFIED,VERIFIED,VERIFIED,VERIFIED,VERIFIED,VERIFIED,VERIFIED (MILP),VERIFIED,VERIFIED (p=2),VERIFIED,VERIFIED,VERIFIED
viluppuram,Viluppuram,VERIFIED,VERIFIED,VERIFIED,VERIFIED,VERIFIED,VERIFIED,VERIFIED (MILP),VERIFIED,VERIFIED (p=2),VERIFIED,VERIFIED,VERIFIED
virudhunagar,Virudhunagar,VERIFIED,VERIFIED,VERIFIED,VERIFIED,VERIFIED,VERIFIED,VERIFIED (MILP),VERIFIED,VERIFIED (p=2),VERIFIED,VERIFIED,VERIFIED
