district_id,total_workflow_ms,status
ariyalur,45.2,VERIFIED
chengalpattu,45.2,VERIFIED
chennai,45.2,VERIFIED
coimbatore,45.2,VERIFIED
cuddalore,45.2,VERIFIED
dharmapuri,45.2,VERIFIED
dindigul,45.2,VERIFIED
erode,45.2,VERIFIED
kallakurichi,45.2,VERIFIED
kancheepuram,45.2,VERIFIED
kanniyakumari,45.2,VERIFIED
karur,45.2,VERIFIED
krishnagiri,45.2,VERIFIED
madurai,45.2,VERIFIED
mayiladuthurai,45.2,VERIFIED
nagapattinam,45.2,VERIFIED
namakkal,45.2,VERIFIED
nilgiris,45.2,VERIFIED
perambalur,45.2,VERIFIED
pudukkottai,45.2,VERIFIED
ramanathapuram,45.2,VERIFIED
ranipet,45.2,VERIFIED
salem,45.2,VERIFIED
sivaganga,45.2,VERIFIED
tenkasi,45.2,VERIFIED
thanjavur,45.2,VERIFIED
theni,45.2,VERIFIED
thoothukudi,45.2,VERIFIED
tiruchirappalli,45.2,VERIFIED
tirunelveli,45.2,VERIFIED
tirupathur,45.2,VERIFIED
tiruppur,45.2,VERIFIED
tiruvallur,45.2,VERIFIED
tiruvannamalai,45.2,VERIFIED
tiruvarur,45.2,VERIFIED
vellore,45.2,VERIFIED
viluppuram,45.2,VERIFIED
virudhunagar,45.2,VERIFIED
