strategy_id,strategy_name,domain,hazards,sectors,source_tier,evidence_strength,verification_status
STR-DRN-001,Drain Desilting and Obstruction Clearance,DOM-DRN,HAZ-FLD,URBAN | PUBLIC_INFRASTRUCTURE,TIER_1,STRONG,VERIFIED
STR-DRN-002,Stormwater Network Capacity Expansion,DOM-DRN,HAZ-FLD,URBAN | PUBLIC_INFRASTRUCTURE,TIER_1,STRONG,VERIFIED
STR-WTR-001,Rooftop Rainwater Harvesting System,DOM-WTR,HAZ-DRG,WATER | HOUSING | URBAN,TIER_1,VERY_STRONG,VERIFIED
STR-WTR-002,Traditional Tank and Lake Rehabilitation,DOM-WTR,HAZ-DRG,WATER | AGRICULTURE | ENVIRONMENT,TIER_1,VERY_STRONG,VERIFIED
STR-URB-001,Floodplain Zoning & Setback Regulation,DOM-URB,HAZ-FLD,LAND_USE | URBAN,TIER_1,STRONG,VERIFIED
STR-NBS-001,Urban Wetland & Marsh Protection,DOM-NBS,HAZ-FLD,ECOSYSTEMS | WATER | URBAN,TIER_1,STRONG,VERIFIED
STR-NBS-002,Rain Gardens and Bioswales,DOM-NBS,HAZ-FLD,URBAN | ECOSYSTEMS,TIER_1,MODERATE,VERIFIED
STR-BLD-001,Cool Roof Reflective Surface Coating,DOM-BLD,HAZ-HTW,HOUSING | HEALTH | URBAN,TIER_1,MODERATE,PARTIALLY_VERIFIED
STR-BLD-002,Critical Facility Flood Protection & Elevation,DOM-BLD,HAZ-FLD,CRITICAL_INFRASTRUCTURE | HEALTH | ENERGY,TIER_1,STRONG,VERIFIED
STR-GIS-001,Terrain-Sensitive Flood Storage Preservation,DOM-GIS,HAZ-FLD,LAND_USE | DISASTER_MANAGEMENT,TIER_1,STRONG,VERIFIED
STR-CIN-001,Hospital Emergency Power & Auxiliary Water Resilience,DOM-CIN,HAZ-FLD,HEALTH | CRITICAL_INFRASTRUCTURE,TIER_1,VERY_STRONG,VERIFIED
STR-EWS-001,IoT Water Level Sensor Network & Alert System,DOM-EWS,HAZ-FLD,DISASTER_MANAGEMENT | URBAN,TIER_1,VERY_STRONG,VERIFIED
STR-HTR-001,Urban Cooling Centers and Shade Canopy Deployment,DOM-HTR,HAZ-HTW,HEALTH | URBAN | DISASTER_MANAGEMENT,TIER_1,STRONG,VERIFIED
STR-CST-001,Coastal Mangrove Buffer Belt Restoration,DOM-CST,HAZ-FLD,COASTAL | ECOSYSTEMS | ENVIRONMENT,TIER_1,VERY_STRONG,VERIFIED
