district_id,district_name,local_evidence,state_evidence,national_evidence,international_evidence,evidence_status
ariyalur,Ariyalur,AVAILABLE,AVAILABLE (Tier 1 SAPCC/SDMP),AVAILABLE (Tier 2 NDMA),AVAILABLE (Tier 3 IPCC AR6),SUPPORTED
chengalpattu,Chengalpattu,AVAILABLE,AVAILABLE (Tier 1 SAPCC/SDMP),AVAILABLE (Tier 2 NDMA),AVAILABLE (Tier 3 IPCC AR6),SUPPORTED
chennai,Chennai,AVAILABLE,AVAILABLE (Tier 1 SAPCC/SDMP),AVAILABLE (Tier 2 NDMA),AVAILABLE (Tier 3 IPCC AR6),SUPPORTED
coimbatore,Coimbatore,AVAILABLE,AVAILABLE (Tier 1 SAPCC/SDMP),AVAILABLE (Tier 2 NDMA),AVAILABLE (Tier 3 IPCC AR6),SUPPORTED
cuddalore,Cuddalore,AVAILABLE,AVAILABLE (Tier 1 SAPCC/SDMP),AVAILABLE (Tier 2 NDMA),AVAILABLE (Tier 3 IPCC AR6),SUPPORTED
dharmapuri,Dharmapuri,AVAILABLE,AVAILABLE (Tier 1 SAPCC/SDMP),AVAILABLE (Tier 2 NDMA),AVAILABLE (Tier 3 IPCC AR6),SUPPORTED
dindigul,Dindigul,AVAILABLE,AVAILABLE (Tier 1 SAPCC/SDMP),AVAILABLE (Tier 2 NDMA),AVAILABLE (Tier 3 IPCC AR6),SUPPORTED
erode,Erode,AVAILABLE,AVAILABLE (Tier 1 SAPCC/SDMP),AVAILABLE (Tier 2 NDMA),AVAILABLE (Tier 3 IPCC AR6),SUPPORTED
kallakurichi,Kallakurichi,AVAILABLE,AVAILABLE (Tier 1 SAPCC/SDMP),AVAILABLE (Tier 2 NDMA),AVAILABLE (Tier 3 IPCC AR6),SUPPORTED
kancheepuram,Kancheepuram,AVAILABLE,AVAILABLE (Tier 1 SAPCC/SDMP),AVAILABLE (Tier 2 NDMA),AVAILABLE (Tier 3 IPCC AR6),SUPPORTED
kanniyakumari,Kanniyakumari,AVAILABLE,AVAILABLE (Tier 1 SAPCC/SDMP),AVAILABLE (Tier 2 NDMA),AVAILABLE (Tier 3 IPCC AR6),SUPPORTED
karur,Karur,AVAILABLE,AVAILABLE (Tier 1 SAPCC/SDMP),AVAILABLE (Tier 2 NDMA),AVAILABLE (Tier 3 IPCC AR6),SUPPORTED
krishnagiri,Krishnagiri,AVAILABLE,AVAILABLE (Tier 1 SAPCC/SDMP),AVAILABLE (Tier 2 NDMA),AVAILABLE (Tier 3 IPCC AR6),SUPPORTED
madurai,Madurai,AVAILABLE,AVAILABLE (Tier 1 SAPCC/SDMP),AVAILABLE (Tier 2 NDMA),AVAILABLE (Tier 3 IPCC AR6),SUPPORTED
mayiladuthurai,Mayiladuthurai,AVAILABLE,AVAILABLE (Tier 1 SAPCC/SDMP),AVAILABLE (Tier 2 NDMA),AVAILABLE (Tier 3 IPCC AR6),SUPPORTED
nagapattinam,Nagapattinam,AVAILABLE,AVAILABLE (Tier 1 SAPCC/SDMP),AVAILABLE (Tier 2 NDMA),AVAILABLE (Tier 3 IPCC AR6),SUPPORTED
namakkal,Namakkal,AVAILABLE,AVAILABLE (Tier 1 SAPCC/SDMP),AVAILABLE (Tier 2 NDMA),AVAILABLE (Tier 3 IPCC AR6),SUPPORTED
nilgiris,Nilgiris,AVAILABLE,AVAILABLE (Tier 1 SAPCC/SDMP),AVAILABLE (Tier 2 NDMA),AVAILABLE (Tier 3 IPCC AR6),SUPPORTED
perambalur,Perambalur,AVAILABLE,AVAILABLE (Tier 1 SAPCC/SDMP),AVAILABLE (Tier 2 NDMA),AVAILABLE (Tier 3 IPCC AR6),SUPPORTED
pudukkottai,Pudukkottai,AVAILABLE,AVAILABLE (Tier 1 SAPCC/SDMP),AVAILABLE (Tier 2 NDMA),AVAILABLE (Tier 3 IPCC AR6),SUPPORTED
ramanathapuram,Ramanathapuram,AVAILABLE,AVAILABLE (Tier 1 SAPCC/SDMP),AVAILABLE (Tier 2 NDMA),AVAILABLE (Tier 3 IPCC AR6),SUPPORTED
ranipet,Ranipet,AVAILABLE,AVAILABLE (Tier 1 SAPCC/SDMP),AVAILABLE (Tier 2 NDMA),AVAILABLE (Tier 3 IPCC AR6),SUPPORTED
salem,Salem,AVAILABLE,AVAILABLE (Tier 1 SAPCC/SDMP),AVAILABLE (Tier 2 NDMA),AVAILABLE (Tier 3 IPCC AR6),SUPPORTED
sivaganga,Sivaganga,AVAILABLE,AVAILABLE (Tier 1 SAPCC/SDMP),AVAILABLE (Tier 2 NDMA),AVAILABLE (Tier 3 IPCC AR6),SUPPORTED
tenkasi,Tenkasi,AVAILABLE,AVAILABLE (Tier 1 SAPCC/SDMP),AVAILABLE (Tier 2 NDMA),AVAILABLE (Tier 3 IPCC AR6),SUPPORTED
thanjavur,Thanjavur,AVAILABLE,AVAILABLE (Tier 1 SAPCC/SDMP),AVAILABLE (Tier 2 NDMA),AVAILABLE (Tier 3 IPCC AR6),SUPPORTED
theni,Theni,AVAILABLE,AVAILABLE (Tier 1 SAPCC/SDMP),AVAILABLE (Tier 2 NDMA),AVAILABLE (Tier 3 IPCC AR6),SUPPORTED
thoothukudi,Thoothukudi,AVAILABLE,AVAILABLE (Tier 1 SAPCC/SDMP),AVAILABLE (Tier 2 NDMA),AVAILABLE (Tier 3 IPCC AR6),SUPPORTED
tiruchirappalli,Tiruchirappalli,AVAILABLE,AVAILABLE (Tier 1 SAPCC/SDMP),AVAILABLE (Tier 2 NDMA),AVAILABLE (Tier 3 IPCC AR6),SUPPORTED
tirunelveli,Tirunelveli,AVAILABLE,AVAILABLE (Tier 1 SAPCC/SDMP),AVAILABLE (Tier 2 NDMA),AVAILABLE (Tier 3 IPCC AR6),SUPPORTED
tirupathur,Tirupathur,AVAILABLE,AVAILABLE (Tier 1 SAPCC/SDMP),AVAILABLE (Tier 2 NDMA),AVAILABLE (Tier 3 IPCC AR6),SUPPORTED
tiruppur,Tiruppur,AVAILABLE,AVAILABLE (Tier 1 SAPCC/SDMP),AVAILABLE (Tier 2 NDMA),AVAILABLE (Tier 3 IPCC AR6),SUPPORTED
tiruvallur,Tiruvallur,AVAILABLE,AVAILABLE (Tier 1 SAPCC/SDMP),AVAILABLE (Tier 2 NDMA),AVAILABLE (Tier 3 IPCC AR6),SUPPORTED
tiruvannamalai,Tiruvannamalai,AVAILABLE,AVAILABLE (Tier 1 SAPCC/SDMP),AVAILABLE (Tier 2 NDMA),AVAILABLE (Tier 3 IPCC AR6),SUPPORTED
tiruvarur,Tiruvarur,AVAILABLE,AVAILABLE (Tier 1 SAPCC/SDMP),AVAILABLE (Tier 2 NDMA),AVAILABLE (Tier 3 IPCC AR6),SUPPORTED
vellore,Vellore,AVAILABLE,AVAILABLE (Tier 1 SAPCC/SDMP),AVAILABLE (Tier 2 NDMA),AVAILABLE (Tier 3 IPCC AR6),SUPPORTED
viluppuram,Viluppuram,AVAILABLE,AVAILABLE (Tier 1 SAPCC/SDMP),AVAILABLE (Tier 2 NDMA),AVAILABLE (Tier 3 IPCC AR6),SUPPORTED
virudhunagar,Virudhunagar,AVAILABLE,AVAILABLE (Tier 1 SAPCC/SDMP),AVAILABLE (Tier 2 NDMA),AVAILABLE (Tier 3 IPCC AR6),SUPPORTED
