district_id,district_name,explanation_id,selected_strategy_count,citation_count,evidence_chunk_count,validation_status,context_hash
ariyalur,Ariyalur,EXP-ARIYALUR-20260923-001,5,5,5,VERIFIED,31cdb7968c3603e32d5976f058e673142c6099c5af009249013a0f5538cd3f47
chengalpattu,Chengalpattu,EXP-CHENGALPATTU-20260923-001,5,5,5,VERIFIED,6db3055c177a13d5c3f8ee80adba9ea783a4d8a88def38450ff73ac42cf50815
chennai,Chennai,EXP-CHENNAI-20260923-001,4,5,5,VERIFIED,8aa85f6a47eb50a2a3845fa2bcd47b3004284d3c3fe57a010dc0cdd05d2b3a18
coimbatore,Coimbatore,EXP-COIMBATORE-20260923-001,4,5,5,VERIFIED,61688cc354505ff5a8d1fd52125ac6dcb678b00b463ddc0143d8f95d356ce9fa
cuddalore,Cuddalore,EXP-CUDDALORE-20260923-001,5,5,5,VERIFIED,be5022c266227be9036fe6f61c24e952f7a7661c51e125e2325c338de9e0563e
dharmapuri,Dharmapuri,EXP-DHARMAPURI-20260923-001,5,5,5,VERIFIED,d991d8b01589e86b432cb724169e03dd7d697df30ec75b3e9cec475a049a2fec
dindigul,Dindigul,EXP-DINDIGUL-20260923-001,5,5,5,VERIFIED,7cdcfaf76b0363185534504476ce924b97a05006aa6d4541a62cad9b07aeaf16
erode,Erode,EXP-ERODE-20260923-001,5,5,5,VERIFIED,73842199abb61589c9df47755eb298d74340537b8a75b49e64a576debc84c3e9
kallakurichi,Kallakurichi,EXP-KALLAKURICHI-20260923-001,5,5,5,VERIFIED,ecd9ddae92950805973aeff8ce1744982480cfdfb1e9d039332ccb36532758cf
kancheepuram,Kancheepuram,EXP-KANCHEEPURAM-20260923-001,5,5,5,VERIFIED,fb1d187ed2cfcdf61cb6307d33496eaffcf77594645cf2845dd8c9460d4ea06d
kanniyakumari,Kanniyakumari,EXP-KANNIYAKUMARI-20260923-001,5,5,5,VERIFIED,29aaef1b072edc05d8cdf142720468c963b7c5f5015c62b87c17f8d94cdf6d74
karur,Karur,EXP-KARUR-20260923-001,5,5,5,VERIFIED,ab3bb800125b5919036b93b18a8027cd40391ec5a91f0f7790a3599691877a22
krishnagiri,Krishnagiri,EXP-KRISHNAGIRI-20260923-001,5,5,5,VERIFIED,1bf8898cf72b22cb2034e7d109c102d3abe4b46261c79fa072612794350df951
madurai,Madurai,EXP-MADURAI-20260923-001,5,5,5,VERIFIED,ced021ce0e65115ce218660a6a28bffd55e144c915f5608cd3883f4c97844c37
mayiladuthurai,Mayiladuthurai,EXP-MAYILADUTHURAI-20260923-001,5,5,5,VERIFIED,57d1732d67b05b21564b15eeb461b047283cb432ad813cd0a40257286c875e5d
nagapattinam,Nagapattinam,EXP-NAGAPATTINAM-20260923-001,5,5,5,VERIFIED,a93c3ef4444f1b4007698d472095c86b51b2af1d3ac9eb2c0598d82357e8359b
namakkal,Namakkal,EXP-NAMAKKAL-20260923-001,5,5,5,VERIFIED,775a903bfe22f55158a8e76d66dcf1ca993015840273d41303d8ef09958520ca
nilgiris,Nilgiris,EXP-NILGIRIS-20260923-001,5,5,5,VERIFIED,666d96bba0956c37c05ce3d296c52fc77fa2da2abd582afa4c91fdf2ac0081d7
perambalur,Perambalur,EXP-PERAMBALUR-20260923-001,5,5,5,VERIFIED,ec4a1dac63336a98ee4bc3731b2a1b9ca01fe34b125baabbeed78bad7f0d8223
pudukkottai,Pudukkottai,EXP-PUDUKKOTTAI-20260923-001,5,5,5,VERIFIED,df01e1dc4357e740c1bd985f8993681276ba7e020e8bb7faf249f8b3025450dd
ramanathapuram,Ramanathapuram,EXP-RAMANATHAPURAM-20260923-001,5,5,5,VERIFIED,7e7b979dc0a712b69491ed4a164d1096e9aef270600cd6607fc1e747c74f346b
ranipet,Ranipet,EXP-RANIPET-20260923-001,5,5,5,VERIFIED,563ac006e46967a1bc7c4cda8267ef3a20db90d857d23bc97fed5bcf9093da27
salem,Salem,EXP-SALEM-20260923-001,5,5,5,VERIFIED,080356fac769668a767523737836e1691c00a132b5afba5609808f60c8cfda44
sivaganga,Sivaganga,EXP-SIVAGANGA-20260923-001,5,5,5,VERIFIED,19f3eaf544deab03c9fdf0b1eedf9e19656fc52c6372b97654f45aea86a4ee9d
tenkasi,Tenkasi,EXP-TENKASI-20260923-001,5,5,5,VERIFIED,f9eb1ec8b6cc7e4d10ee2ef1c804b348056799dbb9d23af0c35cb1d1671bba4d
thanjavur,Thanjavur,EXP-THANJAVUR-20260923-001,5,5,5,VERIFIED,363a80f9e07abe77feb2db97dbb2ed477e9d57a0eaac5db2a7ae22de4625cb20
theni,Theni,EXP-THENI-20260923-001,5,5,5,VERIFIED,cdb224e1284ddc332aa7b3bdbfa72161e9ec533a70f429030502abe47fbe5eb5
thoothukudi,Thoothukudi,EXP-THOOTHUKUDI-20260923-001,5,5,5,VERIFIED,1e790fcf37bdc3f2fe514f8358328be7c9b25d56d04369b9d188af618f87fdfb
tiruchirappalli,Tiruchirappalli,EXP-TIRUCHIRAPPALLI-20260923-001,5,5,5,VERIFIED,d7437761147221bc9857e507e0f1b2c3d0f48125ab61812c9b1025bb387d44be
tirunelveli,Tirunelveli,EXP-TIRUNELVELI-20260923-001,5,5,5,VERIFIED,f5420c4054dcd5de218ace84fe6c522ef3729ee42cde8a49ffea9882ac9b8b46
tirupathur,Tirupathur,EXP-TIRUPATHUR-20260923-001,5,5,5,VERIFIED,0300be24d62cc058f002fbc00cbe70a4117e53acff4ed5ee60dd0b95c1219f73
tiruppur,Tiruppur,EXP-TIRUPPUR-20260923-001,5,5,5,VERIFIED,bea6c171220566776b6322f6149b1d2d213fb32a92d9941990800ad108d75045
tiruvallur,Tiruvallur,EXP-TIRUVALLUR-20260923-001,5,5,5,VERIFIED,a9c930c17b2e39d4c821e5cac9657795bd20c77c72ce065b70ec34ec993254fd
tiruvannamalai,Tiruvannamalai,EXP-TIRUVANNAMALAI-20260923-001,5,5,5,VERIFIED,27a87c4096e008bfba3b52501f05b78a02129d8151e23d105b4205999eec71e1
tiruvarur,Tiruvarur,EXP-TIRUVARUR-20260923-001,5,5,5,VERIFIED,9b4dd44992a7c097cef1bfb038f0e6527be55f7369abdda52b911b63a6a32817
vellore,Vellore,EXP-VELLORE-20260923-001,5,5,5,VERIFIED,12012d4852414811e5eb235b0e3522f134cfe7d0cd8e6788300f3f58026f68b5
viluppuram,Viluppuram,EXP-VILUPPURAM-20260923-001,5,5,5,VERIFIED,61300d9f208046ec4925cc639401519b5fc2ac50e4bd9c02c3f7c2f39dc04903
virudhunagar,Virudhunagar,EXP-VIRUDHUNAGAR-20260923-001,5,5,5,VERIFIED,658f642dd60146dc6ac0a4bc3027e1aaa473e73c6053146beb643e089cdc701f
