experiment_id,district_id,declared_shots,bitstring_length,is_binary,shot_sum_verified,status
EXP-QAOA-ARIYALUR-S1000,ariyalur,1024,15,True,True,VALID
EXP-QAOA-ARIYALUR-S1001,ariyalur,1024,15,True,True,VALID
EXP-QAOA-ARIYALUR-S1002,ariyalur,1024,15,True,True,VALID
EXP-QAOA-ARIYALUR-S1003,ariyalur,1024,15,True,True,VALID
EXP-QAOA-ARIYALUR-S1004,ariyalur,1024,15,True,True,VALID
EXP-QAOA-CHENGALPATTU-S1000,chengalpattu,1024,15,True,True,VALID
EXP-QAOA-CHENGALPATTU-S1001,chengalpattu,1024,15,True,True,VALID
EXP-QAOA-CHENGALPATTU-S1002,chengalpattu,1024,15,True,True,VALID
EXP-QAOA-CHENGALPATTU-S1003,chengalpattu,1024,15,True,True,VALID
EXP-QAOA-CHENGALPATTU-S1004,chengalpattu,1024,15,True,True,VALID
EXP-QAOA-CHENNAI-S1000,chennai,1024,15,True,True,VALID
EXP-QAOA-CHENNAI-S1001,chennai,1024,15,True,True,VALID
EXP-QAOA-CHENNAI-S1002,chennai,1024,15,True,True,VALID
EXP-QAOA-CHENNAI-S1003,chennai,1024,15,True,True,VALID
EXP-QAOA-CHENNAI-S1004,chennai,1024,15,True,True,VALID
EXP-QAOA-COIMBATORE-S1000,coimbatore,1024,15,True,True,VALID
EXP-QAOA-COIMBATORE-S1001,coimbatore,1024,15,True,True,VALID
EXP-QAOA-COIMBATORE-S1002,coimbatore,1024,15,True,True,VALID
EXP-QAOA-COIMBATORE-S1003,coimbatore,1024,15,True,True,VALID
EXP-QAOA-COIMBATORE-S1004,coimbatore,1024,15,True,True,VALID
EXP-QAOA-CUDDALORE-S1000,cuddalore,1024,15,True,True,VALID
EXP-QAOA-CUDDALORE-S1001,cuddalore,1024,15,True,True,VALID
EXP-QAOA-CUDDALORE-S1002,cuddalore,1024,15,True,True,VALID
EXP-QAOA-CUDDALORE-S1003,cuddalore,1024,15,True,True,VALID
EXP-QAOA-CUDDALORE-S1004,cuddalore,1024,15,True,True,VALID
EXP-QAOA-DHARMAPURI-S1000,dharmapuri,1024,15,True,True,VALID
EXP-QAOA-DHARMAPURI-S1001,dharmapuri,1024,15,True,True,VALID
EXP-QAOA-DHARMAPURI-S1002,dharmapuri,1024,15,True,True,VALID
EXP-QAOA-DHARMAPURI-S1003,dharmapuri,1024,15,True,True,VALID
EXP-QAOA-DHARMAPURI-S1004,dharmapuri,1024,15,True,True,VALID
EXP-QAOA-DINDIGUL-S1000,dindigul,1024,15,True,True,VALID
EXP-QAOA-DINDIGUL-S1001,dindigul,1024,15,True,True,VALID
EXP-QAOA-DINDIGUL-S1002,dindigul,1024,15,True,True,VALID
EXP-QAOA-DINDIGUL-S1003,dindigul,1024,15,True,True,VALID
EXP-QAOA-DINDIGUL-S1004,dindigul,1024,15,True,True,VALID
EXP-QAOA-ERODE-S1000,erode,1024,15,True,True,VALID
EXP-QAOA-ERODE-S1001,erode,1024,15,True,True,VALID
EXP-QAOA-ERODE-S1002,erode,1024,15,True,True,VALID
EXP-QAOA-ERODE-S1003,erode,1024,15,True,True,VALID
EXP-QAOA-ERODE-S1004,erode,1024,15,True,True,VALID
EXP-QAOA-KALLAKURICHI-S1000,kallakurichi,1024,15,True,True,VALID
EXP-QAOA-KALLAKURICHI-S1001,kallakurichi,1024,15,True,True,VALID
EXP-QAOA-KALLAKURICHI-S1002,kallakurichi,1024,15,True,True,VALID
EXP-QAOA-KALLAKURICHI-S1003,kallakurichi,1024,15,True,True,VALID
EXP-QAOA-KALLAKURICHI-S1004,kallakurichi,1024,15,True,True,VALID
EXP-QAOA-KANCHEEPURAM-S1000,kancheepuram,1024,15,True,True,VALID
EXP-QAOA-KANCHEEPURAM-S1001,kancheepuram,1024,15,True,True,VALID
EXP-QAOA-KANCHEEPURAM-S1002,kancheepuram,1024,15,True,True,VALID
EXP-QAOA-KANCHEEPURAM-S1003,kancheepuram,1024,15,True,True,VALID
EXP-QAOA-KANCHEEPURAM-S1004,kancheepuram,1024,15,True,True,VALID
EXP-QAOA-KANNIYAKUMARI-S1000,kanniyakumari,1024,15,True,True,VALID
EXP-QAOA-KANNIYAKUMARI-S1001,kanniyakumari,1024,15,True,True,VALID
EXP-QAOA-KANNIYAKUMARI-S1002,kanniyakumari,1024,15,True,True,VALID
EXP-QAOA-KANNIYAKUMARI-S1003,kanniyakumari,1024,15,True,True,VALID
EXP-QAOA-KANNIYAKUMARI-S1004,kanniyakumari,1024,15,True,True,VALID
EXP-QAOA-KARUR-S1000,karur,1024,15,True,True,VALID
EXP-QAOA-KARUR-S1001,karur,1024,15,True,True,VALID
EXP-QAOA-KARUR-S1002,karur,1024,15,True,True,VALID
EXP-QAOA-KARUR-S1003,karur,1024,15,True,True,VALID
EXP-QAOA-KARUR-S1004,karur,1024,15,True,True,VALID
EXP-QAOA-KRISHNAGIRI-S1000,krishnagiri,1024,15,True,True,VALID
EXP-QAOA-KRISHNAGIRI-S1001,krishnagiri,1024,15,True,True,VALID
EXP-QAOA-KRISHNAGIRI-S1002,krishnagiri,1024,15,True,True,VALID
EXP-QAOA-KRISHNAGIRI-S1003,krishnagiri,1024,15,True,True,VALID
EXP-QAOA-KRISHNAGIRI-S1004,krishnagiri,1024,15,True,True,VALID
EXP-QAOA-MADURAI-S1000,madurai,1024,15,True,True,VALID
EXP-QAOA-MADURAI-S1001,madurai,1024,15,True,True,VALID
EXP-QAOA-MADURAI-S1002,madurai,1024,15,True,True,VALID
EXP-QAOA-MADURAI-S1003,madurai,1024,15,True,True,VALID
EXP-QAOA-MADURAI-S1004,madurai,1024,15,True,True,VALID
EXP-QAOA-MAYILADUTHURAI-S1000,mayiladuthurai,1024,15,True,True,VALID
EXP-QAOA-MAYILADUTHURAI-S1001,mayiladuthurai,1024,15,True,True,VALID
EXP-QAOA-MAYILADUTHURAI-S1002,mayiladuthurai,1024,15,True,True,VALID
EXP-QAOA-MAYILADUTHURAI-S1003,mayiladuthurai,1024,15,True,True,VALID
EXP-QAOA-MAYILADUTHURAI-S1004,mayiladuthurai,1024,15,True,True,VALID
EXP-QAOA-NAGAPATTINAM-S1000,nagapattinam,1024,15,True,True,VALID
EXP-QAOA-NAGAPATTINAM-S1001,nagapattinam,1024,15,True,True,VALID
EXP-QAOA-NAGAPATTINAM-S1002,nagapattinam,1024,15,True,True,VALID
EXP-QAOA-NAGAPATTINAM-S1003,nagapattinam,1024,15,True,True,VALID
EXP-QAOA-NAGAPATTINAM-S1004,nagapattinam,1024,15,True,True,VALID
EXP-QAOA-NAMAKKAL-S1000,namakkal,1024,15,True,True,VALID
EXP-QAOA-NAMAKKAL-S1001,namakkal,1024,15,True,True,VALID
EXP-QAOA-NAMAKKAL-S1002,namakkal,1024,15,True,True,VALID
EXP-QAOA-NAMAKKAL-S1003,namakkal,1024,15,True,True,VALID
EXP-QAOA-NAMAKKAL-S1004,namakkal,1024,15,True,True,VALID
EXP-QAOA-NILGIRIS-S1000,nilgiris,1024,15,True,True,VALID
EXP-QAOA-NILGIRIS-S1001,nilgiris,1024,15,True,True,VALID
EXP-QAOA-NILGIRIS-S1002,nilgiris,1024,15,True,True,VALID
EXP-QAOA-NILGIRIS-S1003,nilgiris,1024,15,True,True,VALID
EXP-QAOA-NILGIRIS-S1004,nilgiris,1024,15,True,True,VALID
EXP-QAOA-PERAMBALUR-S1000,perambalur,1024,15,True,True,VALID
EXP-QAOA-PERAMBALUR-S1001,perambalur,1024,15,True,True,VALID
EXP-QAOA-PERAMBALUR-S1002,perambalur,1024,15,True,True,VALID
EXP-QAOA-PERAMBALUR-S1003,perambalur,1024,15,True,True,VALID
EXP-QAOA-PERAMBALUR-S1004,perambalur,1024,15,True,True,VALID
EXP-QAOA-PUDUKKOTTAI-S1000,pudukkottai,1024,15,True,True,VALID
EXP-QAOA-PUDUKKOTTAI-S1001,pudukkottai,1024,15,True,True,VALID
EXP-QAOA-PUDUKKOTTAI-S1002,pudukkottai,1024,15,True,True,VALID
EXP-QAOA-PUDUKKOTTAI-S1003,pudukkottai,1024,15,True,True,VALID
EXP-QAOA-PUDUKKOTTAI-S1004,pudukkottai,1024,15,True,True,VALID
EXP-QAOA-RAMANATHAPURAM-S1000,ramanathapuram,1024,15,True,True,VALID
EXP-QAOA-RAMANATHAPURAM-S1001,ramanathapuram,1024,15,True,True,VALID
EXP-QAOA-RAMANATHAPURAM-S1002,ramanathapuram,1024,15,True,True,VALID
EXP-QAOA-RAMANATHAPURAM-S1003,ramanathapuram,1024,15,True,True,VALID
EXP-QAOA-RAMANATHAPURAM-S1004,ramanathapuram,1024,15,True,True,VALID
EXP-QAOA-RANIPET-S1000,ranipet,1024,15,True,True,VALID
EXP-QAOA-RANIPET-S1001,ranipet,1024,15,True,True,VALID
EXP-QAOA-RANIPET-S1002,ranipet,1024,15,True,True,VALID
EXP-QAOA-RANIPET-S1003,ranipet,1024,15,True,True,VALID
EXP-QAOA-RANIPET-S1004,ranipet,1024,15,True,True,VALID
EXP-QAOA-SALEM-S1000,salem,1024,15,True,True,VALID
EXP-QAOA-SALEM-S1001,salem,1024,15,True,True,VALID
EXP-QAOA-SALEM-S1002,salem,1024,15,True,True,VALID
EXP-QAOA-SALEM-S1003,salem,1024,15,True,True,VALID
EXP-QAOA-SALEM-S1004,salem,1024,15,True,True,VALID
EXP-QAOA-SIVAGANGA-S1000,sivaganga,1024,15,True,True,VALID
EXP-QAOA-SIVAGANGA-S1001,sivaganga,1024,15,True,True,VALID
EXP-QAOA-SIVAGANGA-S1002,sivaganga,1024,15,True,True,VALID
EXP-QAOA-SIVAGANGA-S1003,sivaganga,1024,15,True,True,VALID
EXP-QAOA-SIVAGANGA-S1004,sivaganga,1024,15,True,True,VALID
EXP-QAOA-TENKASI-S1000,tenkasi,1024,15,True,True,VALID
EXP-QAOA-TENKASI-S1001,tenkasi,1024,15,True,True,VALID
EXP-QAOA-TENKASI-S1002,tenkasi,1024,15,True,True,VALID
EXP-QAOA-TENKASI-S1003,tenkasi,1024,15,True,True,VALID
EXP-QAOA-TENKASI-S1004,tenkasi,1024,15,True,True,VALID
EXP-QAOA-THANJAVUR-S1000,thanjavur,1024,15,True,True,VALID
EXP-QAOA-THANJAVUR-S1001,thanjavur,1024,15,True,True,VALID
EXP-QAOA-THANJAVUR-S1002,thanjavur,1024,15,True,True,VALID
EXP-QAOA-THANJAVUR-S1003,thanjavur,1024,15,True,True,VALID
EXP-QAOA-THANJAVUR-S1004,thanjavur,1024,15,True,True,VALID
EXP-QAOA-THENI-S1000,theni,1024,15,True,True,VALID
EXP-QAOA-THENI-S1001,theni,1024,15,True,True,VALID
EXP-QAOA-THENI-S1002,theni,1024,15,True,True,VALID
EXP-QAOA-THENI-S1003,theni,1024,15,True,True,VALID
EXP-QAOA-THENI-S1004,theni,1024,15,True,True,VALID
EXP-QAOA-THOOTHUKUDI-S1000,thoothukudi,1024,15,True,True,VALID
EXP-QAOA-THOOTHUKUDI-S1001,thoothukudi,1024,15,True,True,VALID
EXP-QAOA-THOOTHUKUDI-S1002,thoothukudi,1024,15,True,True,VALID
EXP-QAOA-THOOTHUKUDI-S1003,thoothukudi,1024,15,True,True,VALID
EXP-QAOA-THOOTHUKUDI-S1004,thoothukudi,1024,15,True,True,VALID
EXP-QAOA-TIRUCHIRAPPALLI-S1000,tiruchirappalli,1024,15,True,True,VALID
EXP-QAOA-TIRUCHIRAPPALLI-S1001,tiruchirappalli,1024,15,True,True,VALID
EXP-QAOA-TIRUCHIRAPPALLI-S1002,tiruchirappalli,1024,15,True,True,VALID
EXP-QAOA-TIRUCHIRAPPALLI-S1003,tiruchirappalli,1024,15,True,True,VALID
EXP-QAOA-TIRUCHIRAPPALLI-S1004,tiruchirappalli,1024,15,True,True,VALID
EXP-QAOA-TIRUNELVELI-S1000,tirunelveli,1024,15,True,True,VALID
EXP-QAOA-TIRUNELVELI-S1001,tirunelveli,1024,15,True,True,VALID
EXP-QAOA-TIRUNELVELI-S1002,tirunelveli,1024,15,True,True,VALID
EXP-QAOA-TIRUNELVELI-S1003,tirunelveli,1024,15,True,True,VALID
EXP-QAOA-TIRUNELVELI-S1004,tirunelveli,1024,15,True,True,VALID
EXP-QAOA-TIRUPATHUR-S1000,tirupathur,1024,15,True,True,VALID
EXP-QAOA-TIRUPATHUR-S1001,tirupathur,1024,15,True,True,VALID
EXP-QAOA-TIRUPATHUR-S1002,tirupathur,1024,15,True,True,VALID
EXP-QAOA-TIRUPATHUR-S1003,tirupathur,1024,15,True,True,VALID
EXP-QAOA-TIRUPATHUR-S1004,tirupathur,1024,15,True,True,VALID
EXP-QAOA-TIRUPPUR-S1000,tiruppur,1024,15,True,True,VALID
EXP-QAOA-TIRUPPUR-S1001,tiruppur,1024,15,True,True,VALID
EXP-QAOA-TIRUPPUR-S1002,tiruppur,1024,15,True,True,VALID
EXP-QAOA-TIRUPPUR-S1003,tiruppur,1024,15,True,True,VALID
EXP-QAOA-TIRUPPUR-S1004,tiruppur,1024,15,True,True,VALID
EXP-QAOA-TIRUVALLUR-S1000,tiruvallur,1024,15,True,True,VALID
EXP-QAOA-TIRUVALLUR-S1001,tiruvallur,1024,15,True,True,VALID
EXP-QAOA-TIRUVALLUR-S1002,tiruvallur,1024,15,True,True,VALID
EXP-QAOA-TIRUVALLUR-S1003,tiruvallur,1024,15,True,True,VALID
EXP-QAOA-TIRUVALLUR-S1004,tiruvallur,1024,15,True,True,VALID
EXP-QAOA-TIRUVANNAMALAI-S1000,tiruvannamalai,1024,15,True,True,VALID
EXP-QAOA-TIRUVANNAMALAI-S1001,tiruvannamalai,1024,15,True,True,VALID
EXP-QAOA-TIRUVANNAMALAI-S1002,tiruvannamalai,1024,15,True,True,VALID
EXP-QAOA-TIRUVANNAMALAI-S1003,tiruvannamalai,1024,15,True,True,VALID
EXP-QAOA-TIRUVANNAMALAI-S1004,tiruvannamalai,1024,15,True,True,VALID
EXP-QAOA-TIRUVARUR-S1000,tiruvarur,1024,15,True,True,VALID
EXP-QAOA-TIRUVARUR-S1001,tiruvarur,1024,15,True,True,VALID
EXP-QAOA-TIRUVARUR-S1002,tiruvarur,1024,15,True,True,VALID
EXP-QAOA-TIRUVARUR-S1003,tiruvarur,1024,15,True,True,VALID
EXP-QAOA-TIRUVARUR-S1004,tiruvarur,1024,15,True,True,VALID
EXP-QAOA-VELLORE-S1000,vellore,1024,15,True,True,VALID
EXP-QAOA-VELLORE-S1001,vellore,1024,15,True,True,VALID
EXP-QAOA-VELLORE-S1002,vellore,1024,15,True,True,VALID
EXP-QAOA-VELLORE-S1003,vellore,1024,15,True,True,VALID
EXP-QAOA-VELLORE-S1004,vellore,1024,15,True,True,VALID
EXP-QAOA-VILUPPURAM-S1000,viluppuram,1024,15,True,True,VALID
EXP-QAOA-VILUPPURAM-S1001,viluppuram,1024,15,True,True,VALID
EXP-QAOA-VILUPPURAM-S1002,viluppuram,1024,15,True,True,VALID
EXP-QAOA-VILUPPURAM-S1003,viluppuram,1024,15,True,True,VALID
EXP-QAOA-VILUPPURAM-S1004,viluppuram,1024,15,True,True,VALID
EXP-QAOA-VIRUDHUNAGAR-S1000,virudhunagar,1024,15,True,True,VALID
EXP-QAOA-VIRUDHUNAGAR-S1001,virudhunagar,1024,15,True,True,VALID
EXP-QAOA-VIRUDHUNAGAR-S1002,virudhunagar,1024,15,True,True,VALID
EXP-QAOA-VIRUDHUNAGAR-S1003,virudhunagar,1024,15,True,True,VALID
EXP-QAOA-VIRUDHUNAGAR-S1004,virudhunagar,1024,15,True,True,VALID
