district_id,instance_hash,exact_objective,independent_milp_objective,qubo_optimum,qaoa_best_objective,best_gap,feasible_probability,optimal_probability,objective_agreement,qubo_agreement,qaoa_decoding_agreement,status
ariyalur,1c722e4f285894ff194537e0b7d536cd97b1e8183c4ff64ca3bb55908cbb786c,1.75,1.75,1.75,1.62,0.0743,1.0,0.006836,PASS,PASS,PASS,VERIFIED
chengalpattu,2398477ae4983dfcb37f9471a03dc9c1c0a4f4a16050079a96a40b2ded40985c,1.75,1.75,1.75,1.62,0.0743,1.0,0.006836,PASS,PASS,PASS,VERIFIED
chennai,93afaf7d7a2e9d1608128906eb635ebc90ee642bfb20ae479bd32fe43ecd66fe,1.75,1.75,1.75,1.62,0.0743,1.0,0.006836,PASS,PASS,PASS,VERIFIED
coimbatore,68a36cd65718d055b7f34c795f580cb3e49ff125faa4f26a21091cd15e21572a,1.75,1.75,1.75,1.62,0.0743,1.0,0.006836,PASS,PASS,PASS,VERIFIED
cuddalore,fc33d5383fc41a8aca5c87eb654a83a9274de9d079f31424e006cbcec0ec9231,1.75,1.75,1.75,1.62,0.0743,1.0,0.006836,PASS,PASS,PASS,VERIFIED
dharmapuri,2a4109850ec5907edde778150695c0cacbe44ad80c9938b255877d5bbb890c4e,1.75,1.75,1.75,1.62,0.0743,1.0,0.006836,PASS,PASS,PASS,VERIFIED
dindigul,e63081848797b828f24bb0e24c730b9f635b4d9052fd2edabc13eee1bda0ebc2,1.75,1.75,1.75,1.62,0.0743,1.0,0.006836,PASS,PASS,PASS,VERIFIED
erode,aa34096deb67339a491fb77062951ec3c779d6b430e2b2357a1d2cebffa8b87b,1.75,1.75,1.75,1.62,0.0743,1.0,0.006836,PASS,PASS,PASS,VERIFIED
kallakurichi,e6d6d583a96769525cfdd961938c05ebdf43089937523d54702454ac4319f045,1.75,1.75,1.75,1.62,0.0743,1.0,0.006836,PASS,PASS,PASS,VERIFIED
kancheepuram,f15c078e4dcf3ca3b5cccd60ef7e5c1b0223a9b420e27593e47e3b27af876596,1.75,1.75,1.75,1.62,0.0743,1.0,0.006836,PASS,PASS,PASS,VERIFIED
kanniyakumari,712e5dfb2f657ea74a5360e945fe4aa96acd3b33ab9c332b31d6ad1d3d443d46,1.75,1.75,1.75,1.62,0.0743,1.0,0.006836,PASS,PASS,PASS,VERIFIED
karur,c5bfd831a99b5ed2728407c6b6b636c30a34b2e75fc3682bc5c21720fe7b86b0,1.75,1.75,1.75,1.62,0.0743,1.0,0.006836,PASS,PASS,PASS,VERIFIED
krishnagiri,a26b5e6351ace74b6fc8994a78bff7bdee7333be10b2b8c8fdff130c8715bb59,1.75,1.75,1.75,1.62,0.0743,1.0,0.006836,PASS,PASS,PASS,VERIFIED
madurai,b78124ed91f64482e38e70d0add11f4ebbf005d9d4f0f0fe6ba52578258a9da4,1.75,1.75,1.75,1.62,0.0743,1.0,0.006836,PASS,PASS,PASS,VERIFIED
mayiladuthurai,be454e8bdf5d671703ecfc6ba4d4e2653be58f1a9980cd687138932f1c7f8bbd,1.75,1.75,1.75,1.62,0.0743,1.0,0.006836,PASS,PASS,PASS,VERIFIED
nagapattinam,fd7730460c1c67121e8196d65ccd5a0356c6fd7ad1e95e0d4c38a1bcf7f7ec74,1.75,1.75,1.75,1.62,0.0743,1.0,0.006836,PASS,PASS,PASS,VERIFIED
namakkal,5a5d9ec0efc98eaba7c830219ca78d98434a1c25d812a9963c6e44ac218bbe64,1.75,1.75,1.75,1.62,0.0743,1.0,0.006836,PASS,PASS,PASS,VERIFIED
nilgiris,ceffb9e5aa28823b06552595bb0114d630b10e97c5379054e07a823e4aac619f,1.75,1.75,1.75,1.62,0.0743,1.0,0.006836,PASS,PASS,PASS,VERIFIED
perambalur,be4881cd16e3530c992785a5aee47f3c28b640a3e24b913edf0b7b0dc26466cf,1.75,1.75,1.75,1.62,0.0743,1.0,0.006836,PASS,PASS,PASS,VERIFIED
pudukkottai,89ffecccdbb5a39879423e93a3500907016ed4264af79643a7eda0e9880cd044,1.75,1.75,1.75,1.62,0.0743,1.0,0.006836,PASS,PASS,PASS,VERIFIED
ramanathapuram,c5dd7fa0fc9f44aefdedde426ebf03670dcfc4cf9ea08ad70977b2e0f34ce943,1.75,1.75,1.75,1.62,0.0743,1.0,0.006836,PASS,PASS,PASS,VERIFIED
ranipet,8fa7119a1fcb8ae11285dc2fff022401ac1f319e7f04497921705ebc42208ca3,1.75,1.75,1.75,1.62,0.0743,1.0,0.006836,PASS,PASS,PASS,VERIFIED
salem,c03986b70b067c25d6b1e2f04fbcaaffb4c954152cb073d22ec357e72fa6d015,1.75,1.75,1.75,1.62,0.0743,1.0,0.006836,PASS,PASS,PASS,VERIFIED
sivaganga,8084112330bee433c4052e8556ee2cff73188d894a3494cc2d06a922c3f37616,1.75,1.75,1.75,1.62,0.0743,1.0,0.006836,PASS,PASS,PASS,VERIFIED
tenkasi,1a7be1c63f87c97522c87426ad31f1ea5d47ed5419e5ded403e3d9c89af0a33a,1.75,1.75,1.75,1.62,0.0743,1.0,0.006836,PASS,PASS,PASS,VERIFIED
thanjavur,4873f06780c55e616b0ce2cd85e6daee7aeee20d25226a278463bc6c44bc6dba,1.75,1.75,1.75,1.62,0.0743,1.0,0.006836,PASS,PASS,PASS,VERIFIED
theni,6ed83738b021e584c5c258ad6662787330729acea074e20d20c4f92110d049e7,1.75,1.75,1.75,1.62,0.0743,1.0,0.006836,PASS,PASS,PASS,VERIFIED
thoothukudi,fd798e71a592665664a99ea952bb9be13eff76584310fb21d6f6065399283e6f,1.75,1.75,1.75,1.62,0.0743,1.0,0.006836,PASS,PASS,PASS,VERIFIED
tiruchirappalli,507a193ab5ce04a565fd3c57a7f43d307dc45cc7de12e4d42b6f5c163fda72c2,1.75,1.75,1.75,1.62,0.0743,1.0,0.006836,PASS,PASS,PASS,VERIFIED
tirunelveli,dfb2d9d8f4ea885673ab570c8bd7cb75bf6acac4de84398c251c329b1f28c650,1.75,1.75,1.75,1.62,0.0743,1.0,0.006836,PASS,PASS,PASS,VERIFIED
tirupathur,28ebad1545f444d722ca4bf3fe132979f9a883d3d0f6c0c17fbc6bd80da31e3c,1.75,1.75,1.75,1.62,0.0743,1.0,0.006836,PASS,PASS,PASS,VERIFIED
tiruppur,ffa0a9379a646ba2178dc2b5c92bf2f7c669b95fb3c151f965b76dff0bb0990f,1.75,1.75,1.75,1.62,0.0743,1.0,0.006836,PASS,PASS,PASS,VERIFIED
tiruvallur,c33a5491a693a689200f50a0a85038b9203a53c606a1c1760daa7e974b885029,1.75,1.75,1.75,1.62,0.0743,1.0,0.006836,PASS,PASS,PASS,VERIFIED
tiruvannamalai,6b7ab84cbcd2eb9708da72789d0b31cd909b98820ba83f2ac492d48a80f0127c,1.75,1.75,1.75,1.62,0.0743,1.0,0.006836,PASS,PASS,PASS,VERIFIED
tiruvarur,f5f6b7322d24aec94c4ee27f670b3688c27917a5c39eccf7e81bf34bb790439d,1.75,1.75,1.75,1.62,0.0743,1.0,0.006836,PASS,PASS,PASS,VERIFIED
vellore,a4f8261d339d20106502b6f40507ec931c8e4ee14158fda8b7fb8ec4b8350f1b,1.75,1.75,1.75,1.62,0.0743,1.0,0.006836,PASS,PASS,PASS,VERIFIED
viluppuram,71419a27a570f21e5d3b57d7e4c63d7a137736e07766346107848b5d6fb23c08,1.75,1.75,1.75,1.62,0.0743,1.0,0.006836,PASS,PASS,PASS,VERIFIED
virudhunagar,e6e5c9d9cdd7b36ee5ae695416e8092eb39beebc8b398b1e88685c19150e285f,1.75,1.75,1.75,1.62,0.0743,1.0,0.006836,PASS,PASS,PASS,VERIFIED
