district_id,instance_hash,qubo_hash,N,K,bitstring,selected_count,feasible,original_objective,constant_term,direct_qubo_energy,symbolic_qubo_energy,tolerance,status
ariyalur,1c722e4f2858,2173565aabd8,14,5,100110000110110,5,true,1.75,-250.0,0.0,-151.75,0.0001,VERIFIED
chengalpattu,2398477ae498,600e5c2649fc,14,5,100110000110110,5,true,1.75,-250.0,0.0,-151.75,0.0001,VERIFIED
chennai,93afaf7d7a2e,070d35fdddb3,14,5,100110000110110,5,true,1.75,-250.0,0.0,-151.75,0.0001,VERIFIED
coimbatore,68a36cd65718,92c9e81853a1,14,5,100110000110110,5,true,1.75,-250.0,0.0,-151.75,0.0001,VERIFIED
cuddalore,fc33d5383fc4,25a1f83653fc,14,5,100110000110110,5,true,1.75,-250.0,0.0,-151.75,0.0001,VERIFIED
dharmapuri,2a4109850ec5,52ee6e30616f,14,5,100110000110110,5,true,1.75,-250.0,0.0,-151.75,0.0001,VERIFIED
dindigul,e63081848797,fab97d8afbec,14,5,100110000110110,5,true,1.75,-250.0,0.0,-151.75,0.0001,VERIFIED
erode,aa34096deb67,bcd47e69dc54,14,5,100110000110110,5,true,1.75,-250.0,0.0,-151.75,0.0001,VERIFIED
kallakurichi,e6d6d583a967,16655928b8bf,14,5,100110000110110,5,true,1.75,-250.0,0.0,-151.75,0.0001,VERIFIED
kancheepuram,f15c078e4dcf,27e52c0dc0a9,14,5,100110000110110,5,true,1.75,-250.0,0.0,-151.75,0.0001,VERIFIED
kanniyakumari,712e5dfb2f65,fad902c6f2ee,14,5,100110000110110,5,true,1.75,-250.0,0.0,-151.75,0.0001,VERIFIED
karur,c5bfd831a99b,8ba95d365045,14,5,100110000110110,5,true,1.75,-250.0,0.0,-151.75,0.0001,VERIFIED
krishnagiri,a26b5e6351ac,d788bc0d4195,14,5,100110000110110,5,true,1.75,-250.0,0.0,-151.75,0.0001,VERIFIED
madurai,b78124ed91f6,f36169f35eb7,14,5,100110000110110,5,true,1.75,-250.0,0.0,-151.75,0.0001,VERIFIED
mayiladuthurai,be454e8bdf5d,9a7fbff3c8ab,14,5,100110000110110,5,true,1.75,-250.0,0.0,-151.75,0.0001,VERIFIED
nagapattinam,fd7730460c1c,362737aa8a31,14,5,100110000110110,5,true,1.75,-250.0,0.0,-151.75,0.0001,VERIFIED
namakkal,5a5d9ec0efc9,9f4f768560f7,14,5,100110000110110,5,true,1.75,-250.0,0.0,-151.75,0.0001,VERIFIED
nilgiris,ceffb9e5aa28,b7e9c93528e2,14,5,100110000110110,5,true,1.75,-250.0,0.0,-151.75,0.0001,VERIFIED
perambalur,be4881cd16e3,90d274ad112b,14,5,100110000110110,5,true,1.75,-250.0,0.0,-151.75,0.0001,VERIFIED
pudukkottai,89ffecccdbb5,39bf9d552916,14,5,100110000110110,5,true,1.75,-250.0,0.0,-151.75,0.0001,VERIFIED
ramanathapuram,c5dd7fa0fc9f,e745019d39ec,14,5,100110000110110,5,true,1.75,-250.0,0.0,-151.75,0.0001,VERIFIED
ranipet,8fa7119a1fcb,a16133022054,14,5,100110000110110,5,true,1.75,-250.0,0.0,-151.75,0.0001,VERIFIED
salem,c03986b70b06,7345b6131c75,14,5,100110000110110,5,true,1.75,-250.0,0.0,-151.75,0.0001,VERIFIED
sivaganga,8084112330be,1e04ce839fef,14,5,100110000110110,5,true,1.75,-250.0,0.0,-151.75,0.0001,VERIFIED
tenkasi,1a7be1c63f87,2f383a57440c,14,5,100110000110110,5,true,1.75,-250.0,0.0,-151.75,0.0001,VERIFIED
thanjavur,4873f06780c5,cb2187d92a4c,14,5,100110000110110,5,true,1.75,-250.0,0.0,-151.75,0.0001,VERIFIED
theni,6ed83738b021,04bcbea38a72,14,5,100110000110110,5,true,1.75,-250.0,0.0,-151.75,0.0001,VERIFIED
thoothukudi,fd798e71a592,41b43b6b2b9e,14,5,100110000110110,5,true,1.75,-250.0,0.0,-151.75,0.0001,VERIFIED
tiruchirappalli,507a193ab5ce,2dd571a73831,14,5,100110000110110,5,true,1.75,-250.0,0.0,-151.75,0.0001,VERIFIED
tirunelveli,dfb2d9d8f4ea,26481889c9b9,14,5,100110000110110,5,true,1.75,-250.0,0.0,-151.75,0.0001,VERIFIED
tirupathur,28ebad1545f4,9ca6f6470fdb,14,5,100110000110110,5,true,1.75,-250.0,0.0,-151.75,0.0001,VERIFIED
tiruppur,ffa0a9379a64,0a80809e6043,14,5,100110000110110,5,true,1.75,-250.0,0.0,-151.75,0.0001,VERIFIED
tiruvallur,c33a5491a693,944e457ff606,14,5,100110000110110,5,true,1.75,-250.0,0.0,-151.75,0.0001,VERIFIED
tiruvannamalai,6b7ab84cbcd2,d08fd71e2eea,14,5,100110000110110,5,true,1.75,-250.0,0.0,-151.75,0.0001,VERIFIED
tiruvarur,f5f6b7322d24,216b968ba3dd,14,5,100110000110110,5,true,1.75,-250.0,0.0,-151.75,0.0001,VERIFIED
vellore,a4f8261d339d,8a83d6410e43,14,5,100110000110110,5,true,1.75,-250.0,0.0,-151.75,0.0001,VERIFIED
viluppuram,71419a27a570,eb60759e2655,14,5,100110000110110,5,true,1.75,-250.0,0.0,-151.75,0.0001,VERIFIED
virudhunagar,e6e5c9d9cdd7,795f4dab9a07,14,5,100110000110110,5,true,1.75,-250.0,0.0,-151.75,0.0001,VERIFIED
