district_id,instance_hash,exact_objective,milp_objective,qubo_optimum_energy,qubo_mapped_original_objective,exact_milp_delta,exact_qubo_delta,feasible_exact,feasible_milp,feasible_qubo,portfolio_match,objective_match,status
ariyalur,1c722e4f2858,1.75,1.75,0.0,1.75,0.0,0.0,true,true,true,true,true,PASSED
chengalpattu,2398477ae498,1.75,1.75,0.0,1.75,0.0,0.0,true,true,true,true,true,PASSED
chennai,93afaf7d7a2e,1.75,1.75,0.0,1.75,0.0,0.0,true,true,true,true,true,PASSED
coimbatore,68a36cd65718,1.75,1.75,0.0,1.75,0.0,0.0,true,true,true,true,true,PASSED
cuddalore,fc33d5383fc4,1.75,1.75,0.0,1.75,0.0,0.0,true,true,true,true,true,PASSED
dharmapuri,2a4109850ec5,1.75,1.75,0.0,1.75,0.0,0.0,true,true,true,true,true,PASSED
dindigul,e63081848797,1.75,1.75,0.0,1.75,0.0,0.0,true,true,true,true,true,PASSED
erode,aa34096deb67,1.75,1.75,0.0,1.75,0.0,0.0,true,true,true,true,true,PASSED
kallakurichi,e6d6d583a967,1.75,1.75,0.0,1.75,0.0,0.0,true,true,true,true,true,PASSED
kancheepuram,f15c078e4dcf,1.75,1.75,0.0,1.75,0.0,0.0,true,true,true,true,true,PASSED
kanniyakumari,712e5dfb2f65,1.75,1.75,0.0,1.75,0.0,0.0,true,true,true,true,true,PASSED
karur,c5bfd831a99b,1.75,1.75,0.0,1.75,0.0,0.0,true,true,true,true,true,PASSED
krishnagiri,a26b5e6351ac,1.75,1.75,0.0,1.75,0.0,0.0,true,true,true,true,true,PASSED
madurai,b78124ed91f6,1.75,1.75,0.0,1.75,0.0,0.0,true,true,true,true,true,PASSED
mayiladuthurai,be454e8bdf5d,1.75,1.75,0.0,1.75,0.0,0.0,true,true,true,true,true,PASSED
nagapattinam,fd7730460c1c,1.75,1.75,0.0,1.75,0.0,0.0,true,true,true,true,true,PASSED
namakkal,5a5d9ec0efc9,1.75,1.75,0.0,1.75,0.0,0.0,true,true,true,true,true,PASSED
nilgiris,ceffb9e5aa28,1.75,1.75,0.0,1.75,0.0,0.0,true,true,true,true,true,PASSED
perambalur,be4881cd16e3,1.75,1.75,0.0,1.75,0.0,0.0,true,true,true,true,true,PASSED
pudukkottai,89ffecccdbb5,1.75,1.75,0.0,1.75,0.0,0.0,true,true,true,true,true,PASSED
ramanathapuram,c5dd7fa0fc9f,1.75,1.75,0.0,1.75,0.0,0.0,true,true,true,true,true,PASSED
ranipet,8fa7119a1fcb,1.75,1.75,0.0,1.75,0.0,0.0,true,true,true,true,true,PASSED
salem,c03986b70b06,1.75,1.75,0.0,1.75,0.0,0.0,true,true,true,true,true,PASSED
sivaganga,8084112330be,1.75,1.75,0.0,1.75,0.0,0.0,true,true,true,true,true,PASSED
tenkasi,1a7be1c63f87,1.75,1.75,0.0,1.75,0.0,0.0,true,true,true,true,true,PASSED
thanjavur,4873f06780c5,1.75,1.75,0.0,1.75,0.0,0.0,true,true,true,true,true,PASSED
theni,6ed83738b021,1.75,1.75,0.0,1.75,0.0,0.0,true,true,true,true,true,PASSED
thoothukudi,fd798e71a592,1.75,1.75,0.0,1.75,0.0,0.0,true,true,true,true,true,PASSED
tiruchirappalli,507a193ab5ce,1.75,1.75,0.0,1.75,0.0,0.0,true,true,true,true,true,PASSED
tirunelveli,dfb2d9d8f4ea,1.75,1.75,0.0,1.75,0.0,0.0,true,true,true,true,true,PASSED
tirupathur,28ebad1545f4,1.75,1.75,0.0,1.75,0.0,0.0,true,true,true,true,true,PASSED
tiruppur,ffa0a9379a64,1.75,1.75,0.0,1.75,0.0,0.0,true,true,true,true,true,PASSED
tiruvallur,c33a5491a693,1.75,1.75,0.0,1.75,0.0,0.0,true,true,true,true,true,PASSED
tiruvannamalai,6b7ab84cbcd2,1.75,1.75,0.0,1.75,0.0,0.0,true,true,true,true,true,PASSED
tiruvarur,f5f6b7322d24,1.75,1.75,0.0,1.75,0.0,0.0,true,true,true,true,true,PASSED
vellore,a4f8261d339d,1.75,1.75,0.0,1.75,0.0,0.0,true,true,true,true,true,PASSED
viluppuram,71419a27a570,1.75,1.75,0.0,1.75,0.0,0.0,true,true,true,true,true,PASSED
virudhunagar,e6e5c9d9cdd7,1.75,1.75,0.0,1.75,0.0,0.0,true,true,true,true,true,PASSED
