filepath,sha256,size_bytes,status
backend\config.py,2ebbbde411b689ced095b670088848073a582d01ce7d627d46ae67be8afb17fb,2178,IMMUTABLE_CERTIFIED
backend\main.py,2dbcd9daaafa59b97c63cad590085f646fdc218bd84100cb66484c6a56d4ee31,3329,IMMUTABLE_CERTIFIED
backend\agents\climate_agent.py,508caaf4fa0143b9da5081a09c4b61f5c43ac1b6589d83ac2cdbbf96f65832f6,876,IMMUTABLE_CERTIFIED
backend\agents\climate_data_agent.py,6fe4f2199e954c6ccc665b71c798bbde4f9d8025f8a9eea7d403ee56e4819d6c,16071,IMMUTABLE_CERTIFIED
backend\agents\risk_agent.py,7286bf9cc391bd463ec5248e0ac111b0548ab49a51c438946237233ba8d1950f,9136,IMMUTABLE_CERTIFIED
backend\api\auth.py,496585d4af9b989fab60afbfce5b3e30aba38cf76d992517dc02a51dbc3ddf68,4894,IMMUTABLE_CERTIFIED
backend\api\db_schema.py,572c9b9f2bb43fdce87702085bb089fd9ea2a6fbb31de5909f1f045b9a2cdced,953,IMMUTABLE_CERTIFIED
backend\api\decision.py,ea4ff084e668fdc5145d16c56188559a41e51b793b582f4ec8c8106e14ae4ccc,4673,IMMUTABLE_CERTIFIED
backend\api\districts.py,f85af8b26eaec534fc0062239518f6a9337f844f4b7f7a9efcb143a064446c64,3694,IMMUTABLE_CERTIFIED
backend\api\explanation.py,8fdca83f3b64c37528dfac8ecb0c081754668d5b82c2848987ad97c0e775172b,1144,IMMUTABLE_CERTIFIED
backend\api\exposure.py,9269627f49cc2cbf02112cb0eeee9ec1dc388b456144647d0165057f7304501e,4354,IMMUTABLE_CERTIFIED
backend\api\forecast.py,095157bc55e4a92fc1802584503db3496f7c9e9eb2be4227dde7dadce3414d22,1838,IMMUTABLE_CERTIFIED
backend\api\gis.py,e162dec0f7fd05a2235d39d4bcf66939d05233d644c5bb5711788cc84b1cb999,7108,IMMUTABLE_CERTIFIED
backend\api\governance.py,67012ecbb09404ec2141dcb77cebd40679f8b39c1373ab0715e0690e643f7629,5551,IMMUTABLE_CERTIFIED
backend\api\hazards.py,53635efe49447971c50613b81e4814f1e5c70abe905f72fd7a01f3d4801c4e29,9215,IMMUTABLE_CERTIFIED
backend\api\locations.py,f60e384c2381d754720249caf2b609c3bfacbbea966c2484fa4e7e7d24b08138,980,IMMUTABLE_CERTIFIED
backend\api\optimization.py,2eb5cf15ada78b833a2c2ede484c29eebcc6f80713d5741567defe4588ba96ae,4749,IMMUTABLE_CERTIFIED
backend\api\priority.py,8e70b08971de7c1cc95079c98f198628d1042482ba7a9fc0b8a29d91d8ca95b7,3375,IMMUTABLE_CERTIFIED
backend\api\qaoa.py,3c948cd5a31e72cab616d750a0fb072706b98108c1645e5d983dfd1c45281a2a,8465,IMMUTABLE_CERTIFIED
backend\api\qubo.py,2966ee6d5a29aa322151c2adb80f5010947292d32ea38ef7baf38e84dbe88630,7959,IMMUTABLE_CERTIFIED
