hardware_experiment_id,job_id,district_id,shots,raw_count_sum,conservation_passed
EXP-HW-STA-ariyalur-P1-S1000,JOB-HW-AER_SIMU-22b4a25f,ariyalur,1024,1024,True
EXP-HW-STA-ariyalur-P1-S1001,JOB-HW-AER_SIMU-163de7b8,ariyalur,1024,1024,True
EXP-HW-STA-ariyalur-P2-S1000,JOB-HW-AER_SIMU-22b4a25f,ariyalur,1024,1024,True
EXP-HW-STA-ariyalur-P2-S1001,JOB-HW-AER_SIMU-163de7b8,ariyalur,1024,1024,True
EXP-HW-STA-chennai-P1-S1000,JOB-HW-AER_SIMU-d1194993,chennai,1024,1024,True
EXP-HW-STA-chennai-P1-S1001,JOB-HW-AER_SIMU-0e619930,chennai,1024,1024,True
EXP-HW-STA-chennai-P2-S1000,JOB-HW-AER_SIMU-d1194993,chennai,1024,1024,True
EXP-HW-STA-chennai-P2-S1001,JOB-HW-AER_SIMU-0e619930,chennai,1024,1024,True
EXP-HW-STA-coimbatore-P1-S1000,JOB-HW-AER_SIMU-ef0677ae,coimbatore,1024,1024,True
EXP-HW-STA-coimbatore-P1-S1001,JOB-HW-AER_SIMU-9e73bce4,coimbatore,1024,1024,True
EXP-HW-STA-coimbatore-P2-S1000,JOB-HW-AER_SIMU-ef0677ae,coimbatore,1024,1024,True
EXP-HW-STA-coimbatore-P2-S1001,JOB-HW-AER_SIMU-9e73bce4,coimbatore,1024,1024,True
EXP-HW-STA-cuddalore-P1-S1000,JOB-HW-AER_SIMU-1e7ca149,cuddalore,1024,1024,True
EXP-HW-STA-cuddalore-P1-S1001,JOB-HW-AER_SIMU-bf08ee8f,cuddalore,1024,1024,True
EXP-HW-STA-cuddalore-P2-S1000,JOB-HW-AER_SIMU-1e7ca149,cuddalore,1024,1024,True
EXP-HW-STA-cuddalore-P2-S1001,JOB-HW-AER_SIMU-bf08ee8f,cuddalore,1024,1024,True
EXP-HW-STA-dharmapuri-P1-S1000,JOB-HW-AER_SIMU-3efdaa31,dharmapuri,1024,1024,True
EXP-HW-STA-dharmapuri-P1-S1001,JOB-HW-AER_SIMU-514ac3f2,dharmapuri,1024,1024,True
EXP-HW-STA-dharmapuri-P2-S1000,JOB-HW-AER_SIMU-3efdaa31,dharmapuri,1024,1024,True
EXP-HW-STA-dharmapuri-P2-S1001,JOB-HW-AER_SIMU-514ac3f2,dharmapuri,1024,1024,True
EXP-HW-STA-dindigul-P1-S1000,JOB-HW-AER_SIMU-a113b87c,dindigul,1024,1024,True
EXP-HW-STA-dindigul-P1-S1001,JOB-HW-AER_SIMU-eb315e4b,dindigul,1024,1024,True
EXP-HW-STA-dindigul-P2-S1000,JOB-HW-AER_SIMU-a113b87c,dindigul,1024,1024,True
EXP-HW-STA-dindigul-P2-S1001,JOB-HW-AER_SIMU-eb315e4b,dindigul,1024,1024,True
EXP-HW-STA-erode-P1-S1000,JOB-HW-AER_SIMU-ba9f16ae,erode,1024,1024,True
EXP-HW-STA-erode-P1-S1001,JOB-HW-AER_SIMU-6ef809e8,erode,1024,1024,True
EXP-HW-STA-erode-P2-S1000,JOB-HW-AER_SIMU-ba9f16ae,erode,1024,1024,True
EXP-HW-STA-erode-P2-S1001,JOB-HW-AER_SIMU-6ef809e8,erode,1024,1024,True
EXP-HW-STA-kallakurichi-P1-S1000,JOB-HW-AER_SIMU-dac6f102,kallakurichi,1024,1024,True
EXP-HW-STA-kallakurichi-P1-S1001,JOB-HW-AER_SIMU-ae8ea407,kallakurichi,1024,1024,True
EXP-HW-STA-kallakurichi-P2-S1000,JOB-HW-AER_SIMU-dac6f102,kallakurichi,1024,1024,True
EXP-HW-STA-kallakurichi-P2-S1001,JOB-HW-AER_SIMU-ae8ea407,kallakurichi,1024,1024,True
EXP-HW-STA-kancheepuram-P1-S1000,JOB-HW-AER_SIMU-3c15e230,kancheepuram,1024,1024,True
EXP-HW-STA-kancheepuram-P1-S1001,JOB-HW-AER_SIMU-593f8961,kancheepuram,1024,1024,True
EXP-HW-STA-kancheepuram-P2-S1000,JOB-HW-AER_SIMU-3c15e230,kancheepuram,1024,1024,True
EXP-HW-STA-kancheepuram-P2-S1001,JOB-HW-AER_SIMU-593f8961,kancheepuram,1024,1024,True
EXP-HW-STA-kanyakumari-P1-S1000,JOB-HW-AER_SIMU-f8e6665d,kanyakumari,1024,1024,True
EXP-HW-STA-kanyakumari-P1-S1001,JOB-HW-AER_SIMU-f88b6a32,kanyakumari,1024,1024,True
EXP-HW-STA-kanyakumari-P2-S1000,JOB-HW-AER_SIMU-f8e6665d,kanyakumari,1024,1024,True
EXP-HW-STA-kanyakumari-P2-S1001,JOB-HW-AER_SIMU-f88b6a32,kanyakumari,1024,1024,True
EXP-HW-STA-karur-P1-S1000,JOB-HW-AER_SIMU-ada4ea02,karur,1024,1024,True
EXP-HW-STA-karur-P1-S1001,JOB-HW-AER_SIMU-eb62427e,karur,1024,1024,True
EXP-HW-STA-karur-P2-S1000,JOB-HW-AER_SIMU-ada4ea02,karur,1024,1024,True
EXP-HW-STA-karur-P2-S1001,JOB-HW-AER_SIMU-eb62427e,karur,1024,1024,True
EXP-HW-STA-krishnagiri-P1-S1000,JOB-HW-AER_SIMU-132b8108,krishnagiri,1024,1024,True
EXP-HW-STA-krishnagiri-P1-S1001,JOB-HW-AER_SIMU-bde78151,krishnagiri,1024,1024,True
EXP-HW-STA-krishnagiri-P2-S1000,JOB-HW-AER_SIMU-132b8108,krishnagiri,1024,1024,True
EXP-HW-STA-krishnagiri-P2-S1001,JOB-HW-AER_SIMU-bde78151,krishnagiri,1024,1024,True
EXP-HW-STA-madurai-P1-S1000,JOB-HW-AER_SIMU-dd7a72e8,madurai,1024,1024,True
EXP-HW-STA-madurai-P1-S1001,JOB-HW-AER_SIMU-bdbc1878,madurai,1024,1024,True
EXP-HW-STA-madurai-P2-S1000,JOB-HW-AER_SIMU-dd7a72e8,madurai,1024,1024,True
EXP-HW-STA-madurai-P2-S1001,JOB-HW-AER_SIMU-bdbc1878,madurai,1024,1024,True
EXP-HW-STA-mayiladuthurai-P1-S1000,JOB-HW-AER_SIMU-8ce432d0,mayiladuthurai,1024,1024,True
EXP-HW-STA-mayiladuthurai-P1-S1001,JOB-HW-AER_SIMU-bfcc5562,mayiladuthurai,1024,1024,True
EXP-HW-STA-mayiladuthurai-P2-S1000,JOB-HW-AER_SIMU-8ce432d0,mayiladuthurai,1024,1024,True
EXP-HW-STA-mayiladuthurai-P2-S1001,JOB-HW-AER_SIMU-bfcc5562,mayiladuthurai,1024,1024,True
EXP-HW-STA-nagapattinam-P1-S1000,JOB-HW-AER_SIMU-7a7360f3,nagapattinam,1024,1024,True
EXP-HW-STA-nagapattinam-P1-S1001,JOB-HW-AER_SIMU-a2898a7a,nagapattinam,1024,1024,True
EXP-HW-STA-nagapattinam-P2-S1000,JOB-HW-AER_SIMU-7a7360f3,nagapattinam,1024,1024,True
EXP-HW-STA-nagapattinam-P2-S1001,JOB-HW-AER_SIMU-a2898a7a,nagapattinam,1024,1024,True
EXP-HW-STA-namakkal-P1-S1000,JOB-HW-AER_SIMU-328d8d1e,namakkal,1024,1024,True
EXP-HW-STA-namakkal-P1-S1001,JOB-HW-AER_SIMU-caa55cf5,namakkal,1024,1024,True
EXP-HW-STA-namakkal-P2-S1000,JOB-HW-AER_SIMU-328d8d1e,namakkal,1024,1024,True
EXP-HW-STA-namakkal-P2-S1001,JOB-HW-AER_SIMU-caa55cf5,namakkal,1024,1024,True
EXP-HW-STA-nilgiris-P1-S1000,JOB-HW-AER_SIMU-2ee70936,nilgiris,1024,1024,True
EXP-HW-STA-nilgiris-P1-S1001,JOB-HW-AER_SIMU-21874a31,nilgiris,1024,1024,True
EXP-HW-STA-nilgiris-P2-S1000,JOB-HW-AER_SIMU-2ee70936,nilgiris,1024,1024,True
EXP-HW-STA-nilgiris-P2-S1001,JOB-HW-AER_SIMU-21874a31,nilgiris,1024,1024,True
EXP-HW-STA-perambalur-P1-S1000,JOB-HW-AER_SIMU-9cffe56e,perambalur,1024,1024,True
EXP-HW-STA-perambalur-P1-S1001,JOB-HW-AER_SIMU-bd7e7ef3,perambalur,1024,1024,True
EXP-HW-STA-perambalur-P2-S1000,JOB-HW-AER_SIMU-9cffe56e,perambalur,1024,1024,True
EXP-HW-STA-perambalur-P2-S1001,JOB-HW-AER_SIMU-bd7e7ef3,perambalur,1024,1024,True
EXP-HW-STA-pudukkottai-P1-S1000,JOB-HW-AER_SIMU-d8bba957,pudukkottai,1024,1024,True
EXP-HW-STA-pudukkottai-P1-S1001,JOB-HW-AER_SIMU-a6a81b40,pudukkottai,1024,1024,True
EXP-HW-STA-pudukkottai-P2-S1000,JOB-HW-AER_SIMU-d8bba957,pudukkottai,1024,1024,True
EXP-HW-STA-pudukkottai-P2-S1001,JOB-HW-AER_SIMU-a6a81b40,pudukkottai,1024,1024,True
EXP-HW-STA-ramanathapuram-P1-S1000,JOB-HW-AER_SIMU-1ae65646,ramanathapuram,1024,1024,True
EXP-HW-STA-ramanathapuram-P1-S1001,JOB-HW-AER_SIMU-738bd6bf,ramanathapuram,1024,1024,True
EXP-HW-STA-ramanathapuram-P2-S1000,JOB-HW-AER_SIMU-1ae65646,ramanathapuram,1024,1024,True
EXP-HW-STA-ramanathapuram-P2-S1001,JOB-HW-AER_SIMU-738bd6bf,ramanathapuram,1024,1024,True
EXP-HW-STA-ranipet-P1-S1000,JOB-HW-AER_SIMU-27b7418f,ranipet,1024,1024,True
EXP-HW-STA-ranipet-P1-S1001,JOB-HW-AER_SIMU-4b7f60b7,ranipet,1024,1024,True
EXP-HW-STA-ranipet-P2-S1000,JOB-HW-AER_SIMU-27b7418f,ranipet,1024,1024,True
EXP-HW-STA-ranipet-P2-S1001,JOB-HW-AER_SIMU-4b7f60b7,ranipet,1024,1024,True
EXP-HW-STA-salem-P1-S1000,JOB-HW-AER_SIMU-0ba8107a,salem,1024,1024,True
EXP-HW-STA-salem-P1-S1001,JOB-HW-AER_SIMU-c20747cf,salem,1024,1024,True
EXP-HW-STA-salem-P2-S1000,JOB-HW-AER_SIMU-0ba8107a,salem,1024,1024,True
EXP-HW-STA-salem-P2-S1001,JOB-HW-AER_SIMU-c20747cf,salem,1024,1024,True
EXP-HW-STA-sivaganga-P1-S1000,JOB-HW-AER_SIMU-dcbebe0c,sivaganga,1024,1024,True
EXP-HW-STA-sivaganga-P1-S1001,JOB-HW-AER_SIMU-18b65311,sivaganga,1024,1024,True
EXP-HW-STA-sivaganga-P2-S1000,JOB-HW-AER_SIMU-dcbebe0c,sivaganga,1024,1024,True
EXP-HW-STA-sivaganga-P2-S1001,JOB-HW-AER_SIMU-18b65311,sivaganga,1024,1024,True
EXP-HW-STA-tenkasi-P1-S1000,JOB-HW-AER_SIMU-f4401bfd,tenkasi,1024,1024,True
EXP-HW-STA-tenkasi-P1-S1001,JOB-HW-AER_SIMU-12a73065,tenkasi,1024,1024,True
EXP-HW-STA-tenkasi-P2-S1000,JOB-HW-AER_SIMU-f4401bfd,tenkasi,1024,1024,True
EXP-HW-STA-tenkasi-P2-S1001,JOB-HW-AER_SIMU-12a73065,tenkasi,1024,1024,True
EXP-HW-STA-thanjavur-P1-S1000,JOB-HW-AER_SIMU-f26a0e8e,thanjavur,1024,1024,True
EXP-HW-STA-thanjavur-P1-S1001,JOB-HW-AER_SIMU-2be2bb6b,thanjavur,1024,1024,True
EXP-HW-STA-thanjavur-P2-S1000,JOB-HW-AER_SIMU-f26a0e8e,thanjavur,1024,1024,True
EXP-HW-STA-thanjavur-P2-S1001,JOB-HW-AER_SIMU-2be2bb6b,thanjavur,1024,1024,True
EXP-HW-STA-theni-P1-S1000,JOB-HW-AER_SIMU-a59de290,theni,1024,1024,True
EXP-HW-STA-theni-P1-S1001,JOB-HW-AER_SIMU-83a29724,theni,1024,1024,True
EXP-HW-STA-theni-P2-S1000,JOB-HW-AER_SIMU-a59de290,theni,1024,1024,True
EXP-HW-STA-theni-P2-S1001,JOB-HW-AER_SIMU-83a29724,theni,1024,1024,True
EXP-HW-STA-thoothukudi-P1-S1000,JOB-HW-AER_SIMU-0386ed67,thoothukudi,1024,1024,True
EXP-HW-STA-thoothukudi-P1-S1001,JOB-HW-AER_SIMU-ee64d211,thoothukudi,1024,1024,True
EXP-HW-STA-thoothukudi-P2-S1000,JOB-HW-AER_SIMU-0386ed67,thoothukudi,1024,1024,True
EXP-HW-STA-thoothukudi-P2-S1001,JOB-HW-AER_SIMU-ee64d211,thoothukudi,1024,1024,True
EXP-HW-STA-tiruchirappalli-P1-S1000,JOB-HW-AER_SIMU-c1e67534,tiruchirappalli,1024,1024,True
EXP-HW-STA-tiruchirappalli-P1-S1001,JOB-HW-AER_SIMU-ac76a3f8,tiruchirappalli,1024,1024,True
EXP-HW-STA-tiruchirappalli-P2-S1000,JOB-HW-AER_SIMU-c1e67534,tiruchirappalli,1024,1024,True
EXP-HW-STA-tiruchirappalli-P2-S1001,JOB-HW-AER_SIMU-ac76a3f8,tiruchirappalli,1024,1024,True
EXP-HW-STA-tirunelveli-P1-S1000,JOB-HW-AER_SIMU-1d056705,tirunelveli,1024,1024,True
EXP-HW-STA-tirunelveli-P1-S1001,JOB-HW-AER_SIMU-432952dd,tirunelveli,1024,1024,True
EXP-HW-STA-tirunelveli-P2-S1000,JOB-HW-AER_SIMU-1d056705,tirunelveli,1024,1024,True
EXP-HW-STA-tirunelveli-P2-S1001,JOB-HW-AER_SIMU-432952dd,tirunelveli,1024,1024,True
EXP-HW-STA-tirupathur-P1-S1000,JOB-HW-AER_SIMU-6873ba10,tirupathur,1024,1024,True
EXP-HW-STA-tirupathur-P1-S1001,JOB-HW-AER_SIMU-e7f90e7c,tirupathur,1024,1024,True
EXP-HW-STA-tirupathur-P2-S1000,JOB-HW-AER_SIMU-6873ba10,tirupathur,1024,1024,True
EXP-HW-STA-tirupathur-P2-S1001,JOB-HW-AER_SIMU-e7f90e7c,tirupathur,1024,1024,True
EXP-HW-STA-tiruvarur-P1-S1000,JOB-HW-AER_SIMU-e7d4ba58,tiruvarur,1024,1024,True
EXP-HW-STA-tiruvarur-P1-S1001,JOB-HW-AER_SIMU-0a8cb62f,tiruvarur,1024,1024,True
EXP-HW-STA-tiruvarur-P2-S1000,JOB-HW-AER_SIMU-e7d4ba58,tiruvarur,1024,1024,True
EXP-HW-STA-tiruvarur-P2-S1001,JOB-HW-AER_SIMU-0a8cb62f,tiruvarur,1024,1024,True
EXP-HW-STA-tiruvallur-P1-S1000,JOB-HW-AER_SIMU-33b2cb0a,tiruvallur,1024,1024,True
EXP-HW-STA-tiruvallur-P1-S1001,JOB-HW-AER_SIMU-29fdacac,tiruvallur,1024,1024,True
EXP-HW-STA-tiruvallur-P2-S1000,JOB-HW-AER_SIMU-33b2cb0a,tiruvallur,1024,1024,True
EXP-HW-STA-tiruvallur-P2-S1001,JOB-HW-AER_SIMU-29fdacac,tiruvallur,1024,1024,True
EXP-HW-STA-tiruvannamalai-P1-S1000,JOB-HW-AER_SIMU-fb5bbf1e,tiruvannamalai,1024,1024,True
EXP-HW-STA-tiruvannamalai-P1-S1001,JOB-HW-AER_SIMU-6ebd0db7,tiruvannamalai,1024,1024,True
EXP-HW-STA-tiruvannamalai-P2-S1000,JOB-HW-AER_SIMU-fb5bbf1e,tiruvannamalai,1024,1024,True
EXP-HW-STA-tiruvannamalai-P2-S1001,JOB-HW-AER_SIMU-6ebd0db7,tiruvannamalai,1024,1024,True
EXP-HW-STA-tuticorin-P1-S1000,JOB-HW-AER_SIMU-139d7d5d,tuticorin,1024,1024,True
EXP-HW-STA-tuticorin-P1-S1001,JOB-HW-AER_SIMU-8b977127,tuticorin,1024,1024,True
EXP-HW-STA-tuticorin-P2-S1000,JOB-HW-AER_SIMU-139d7d5d,tuticorin,1024,1024,True
EXP-HW-STA-tuticorin-P2-S1001,JOB-HW-AER_SIMU-8b977127,tuticorin,1024,1024,True
EXP-HW-STA-vellore-P1-S1000,JOB-HW-AER_SIMU-25e0ae5b,vellore,1024,1024,True
EXP-HW-STA-vellore-P1-S1001,JOB-HW-AER_SIMU-3d06bca0,vellore,1024,1024,True
EXP-HW-STA-vellore-P2-S1000,JOB-HW-AER_SIMU-25e0ae5b,vellore,1024,1024,True
EXP-HW-STA-vellore-P2-S1001,JOB-HW-AER_SIMU-3d06bca0,vellore,1024,1024,True
EXP-HW-STA-viluppuram-P1-S1000,JOB-HW-AER_SIMU-cb945f9a,viluppuram,1024,1024,True
EXP-HW-STA-viluppuram-P1-S1001,JOB-HW-AER_SIMU-eaddba01,viluppuram,1024,1024,True
EXP-HW-STA-viluppuram-P2-S1000,JOB-HW-AER_SIMU-cb945f9a,viluppuram,1024,1024,True
EXP-HW-STA-viluppuram-P2-S1001,JOB-HW-AER_SIMU-eaddba01,viluppuram,1024,1024,True
EXP-HW-STA-virudhunagar-P1-S1000,JOB-HW-AER_SIMU-cf73e2b0,virudhunagar,1024,1024,True
EXP-HW-STA-virudhunagar-P1-S1001,JOB-HW-AER_SIMU-a7cd38c5,virudhunagar,1024,1024,True
EXP-HW-STA-virudhunagar-P2-S1000,JOB-HW-AER_SIMU-cf73e2b0,virudhunagar,1024,1024,True
EXP-HW-STA-virudhunagar-P2-S1001,JOB-HW-AER_SIMU-a7cd38c5,virudhunagar,1024,1024,True
EXP-HW-STA-krishnagiri_south-P1-S1000,JOB-HW-AER_SIMU-a6c662d7,krishnagiri_south,1024,1024,True
EXP-HW-STA-krishnagiri_south-P1-S1001,JOB-HW-AER_SIMU-31d4617a,krishnagiri_south,1024,1024,True
EXP-HW-STA-krishnagiri_south-P2-S1000,JOB-HW-AER_SIMU-a6c662d7,krishnagiri_south,1024,1024,True
EXP-HW-STA-krishnagiri_south-P2-S1001,JOB-HW-AER_SIMU-31d4617a,krishnagiri_south,1024,1024,True
