district_id,depth,seeds_tested,mean_gap,median_gap,std_gap,min_gap,max_gap,iqr_gap,status
ariyalur,1,10,0.0845,0.0845,0.0,0.0845,0.0845,0.0,ROBUST
chengalpattu,1,10,0.0845,0.0845,0.0,0.0845,0.0845,0.0,ROBUST
chennai,1,10,0.0845,0.0845,0.0,0.0845,0.0845,0.0,ROBUST
coimbatore,1,10,0.0845,0.0845,0.0,0.0845,0.0845,0.0,ROBUST
cuddalore,1,10,0.0845,0.0845,0.0,0.0845,0.0845,0.0,ROBUST
ariyalur,2,10,0.0871,0.0734,0.0279,0.0725,0.1429,0.0018,ROBUST
chengalpattu,2,10,0.0871,0.0734,0.0279,0.0725,0.1429,0.0018,ROBUST
chennai,2,10,0.0871,0.0734,0.0279,0.0725,0.1429,0.0018,ROBUST
coimbatore,2,10,0.0871,0.0734,0.0279,0.0725,0.1429,0.0018,ROBUST
cuddalore,2,10,0.0871,0.0734,0.0279,0.0725,0.1429,0.0018,ROBUST
ariyalur,3,10,0.0605,0.0605,0.0,0.0605,0.0605,0.0,ROBUST
chengalpattu,3,10,0.0605,0.0605,0.0,0.0605,0.0605,0.0,ROBUST
chennai,3,10,0.0605,0.0605,0.0,0.0605,0.0605,0.0,ROBUST
coimbatore,3,10,0.0605,0.0605,0.0,0.0605,0.0605,0.0,ROBUST
cuddalore,3,10,0.0605,0.0605,0.0,0.0605,0.0605,0.0,ROBUST
ariyalur,4,10,0.0485,0.0485,0.0,0.0485,0.0485,0.0,ROBUST
chengalpattu,4,10,0.0485,0.0485,0.0,0.0485,0.0485,0.0,ROBUST
chennai,4,10,0.0485,0.0485,0.0,0.0485,0.0485,0.0,ROBUST
coimbatore,4,10,0.0485,0.0485,0.0,0.0485,0.0485,0.0,ROBUST
cuddalore,4,10,0.0485,0.0485,0.0,0.0485,0.0485,0.0,ROBUST
ariyalur,5,10,0.0365,0.0365,0.0,0.0365,0.0365,0.0,ROBUST
chengalpattu,5,10,0.0365,0.0365,0.0,0.0365,0.0365,0.0,ROBUST
chennai,5,10,0.0365,0.0365,0.0,0.0365,0.0365,0.0,ROBUST
coimbatore,5,10,0.0365,0.0365,0.0,0.0365,0.0365,0.0,ROBUST
cuddalore,5,10,0.0365,0.0365,0.0,0.0365,0.0365,0.0,ROBUST
