district_id,solver,best_objective,mean_objective,median_objective,best_gap,mean_gap,feasibility,mean_runtime,optimum_hit_rate
ariyalur,Exact,1.75,1.75,1.75,0.0,0.0,1.0,0.0264,1.0
ariyalur,MILP,1.75,1.75,1.75,0.0,0.0,1.0,0.0023,1.0
ariyalur,Greedy,1.75,1.75,1.75,0.0,0.0,1.0,0.0022,1.0
ariyalur,SA,1.75,1.75,1.75,0.0,0.0,1.0,0.0026,1.0
ariyalur,QAOA_p2,1.6231,1.5976,1.6216,0.0725,0.0871,1.0,0.17,0.0
chengalpattu,Exact,1.75,1.75,1.75,0.0,0.0,1.0,0.0252,1.0
chengalpattu,MILP,1.75,1.75,1.75,0.0,0.0,1.0,0.0023,1.0
chengalpattu,Greedy,1.75,1.75,1.75,0.0,0.0,1.0,0.0002,1.0
chengalpattu,SA,1.75,1.75,1.75,0.0,0.0,1.0,0.0022,1.0
chengalpattu,QAOA_p2,1.6231,1.5976,1.6216,0.0725,0.0871,1.0,0.17,0.0
chennai,Exact,1.75,1.75,1.75,0.0,0.0,1.0,0.0252,1.0
chennai,MILP,1.75,1.75,1.75,0.0,0.0,1.0,0.0023,1.0
chennai,Greedy,1.75,1.75,1.75,0.0,0.0,1.0,0.0002,1.0
chennai,SA,1.75,1.75,1.75,0.0,0.0,1.0,0.0024,1.0
chennai,QAOA_p2,1.6231,1.5976,1.6216,0.0725,0.0871,1.0,0.17,0.0
coimbatore,Exact,1.75,1.75,1.75,0.0,0.0,1.0,0.0252,1.0
coimbatore,MILP,1.75,1.75,1.75,0.0,0.0,1.0,0.0013,1.0
coimbatore,Greedy,1.75,1.75,1.75,0.0,0.0,1.0,0.0002,1.0
coimbatore,SA,1.75,1.75,1.75,0.0,0.0,1.0,0.0023,1.0
coimbatore,QAOA_p2,1.6231,1.5976,1.6216,0.0725,0.0871,1.0,0.17,0.0
cuddalore,Exact,1.75,1.75,1.75,0.0,0.0,1.0,0.0242,1.0
cuddalore,MILP,1.75,1.75,1.75,0.0,0.0,1.0,0.0013,1.0
cuddalore,Greedy,1.75,1.75,1.75,0.0,0.0,1.0,0.0002,1.0
cuddalore,SA,1.75,1.75,1.75,0.0,0.0,1.0,0.0023,1.0
cuddalore,QAOA_p2,1.6231,1.5976,1.6216,0.0725,0.0871,1.0,0.17,0.0
dharmapuri,Exact,1.75,1.75,1.75,0.0,0.0,1.0,0.0242,1.0
dharmapuri,MILP,1.75,1.75,1.75,0.0,0.0,1.0,0.0013,1.0
dharmapuri,Greedy,1.75,1.75,1.75,0.0,0.0,1.0,0.0002,1.0
dharmapuri,SA,1.75,1.75,1.75,0.0,0.0,1.0,0.0023,1.0
dharmapuri,QAOA_p2,1.6231,1.5976,1.6216,0.0725,0.0871,1.0,0.17,0.0
dindigul,Exact,1.75,1.75,1.75,0.0,0.0,1.0,0.0292,1.0
dindigul,MILP,1.75,1.75,1.75,0.0,0.0,1.0,0.0013,1.0
dindigul,Greedy,1.75,1.75,1.75,0.0,0.0,1.0,0.0002,1.0
dindigul,SA,1.75,1.75,1.75,0.0,0.0,1.0,0.0027,1.0
dindigul,QAOA_p2,1.6231,1.5976,1.6216,0.0725,0.0871,1.0,0.17,0.0
erode,Exact,1.75,1.75,1.75,0.0,0.0,1.0,0.0292,1.0
erode,MILP,1.75,1.75,1.75,0.0,0.0,1.0,0.0026,1.0
erode,Greedy,1.75,1.75,1.75,0.0,0.0,1.0,0.0002,1.0
erode,SA,1.75,1.75,1.75,0.0,0.0,1.0,0.0029,1.0
erode,QAOA_p2,1.6231,1.5976,1.6216,0.0725,0.0871,1.0,0.17,0.0
kallakurichi,Exact,1.75,1.75,1.75,0.0,0.0,1.0,0.0282,1.0
kallakurichi,MILP,1.75,1.75,1.75,0.0,0.0,1.0,0.0013,1.0
kallakurichi,Greedy,1.75,1.75,1.75,0.0,0.0,1.0,0.0002,1.0
kallakurichi,SA,1.75,1.75,1.75,0.0,0.0,1.0,0.0024,1.0
kallakurichi,QAOA_p2,1.6231,1.5976,1.6216,0.0725,0.0871,1.0,0.17,0.0
kancheepuram,Exact,1.75,1.75,1.75,0.0,0.0,1.0,0.0272,1.0
kancheepuram,MILP,1.75,1.75,1.75,0.0,0.0,1.0,0.0013,1.0
kancheepuram,Greedy,1.75,1.75,1.75,0.0,0.0,1.0,0.0002,1.0
kancheepuram,SA,1.75,1.75,1.75,0.0,0.0,1.0,0.0024,1.0
kancheepuram,QAOA_p2,1.6231,1.5976,1.6216,0.0725,0.0871,1.0,0.17,0.0
kanniyakumari,Exact,1.75,1.75,1.75,0.0,0.0,1.0,0.0294,1.0
kanniyakumari,MILP,1.75,1.75,1.75,0.0,0.0,1.0,0.0013,1.0
kanniyakumari,Greedy,1.75,1.75,1.75,0.0,0.0,1.0,0.0002,1.0
kanniyakumari,SA,1.75,1.75,1.75,0.0,0.0,1.0,0.0024,1.0
kanniyakumari,QAOA_p2,1.6231,1.5976,1.6216,0.0725,0.0871,1.0,0.17,0.0
karur,Exact,1.75,1.75,1.75,0.0,0.0,1.0,0.0302,1.0
karur,MILP,1.75,1.75,1.75,0.0,0.0,1.0,0.0013,1.0
karur,Greedy,1.75,1.75,1.75,0.0,0.0,1.0,0.0002,1.0
karur,SA,1.75,1.75,1.75,0.0,0.0,1.0,0.0025,1.0
karur,QAOA_p2,1.6231,1.5976,1.6216,0.0725,0.0871,1.0,0.17,0.0
krishnagiri,Exact,1.75,1.75,1.75,0.0,0.0,1.0,0.036,1.0
krishnagiri,MILP,1.75,1.75,1.75,0.0,0.0,1.0,0.0013,1.0
krishnagiri,Greedy,1.75,1.75,1.75,0.0,0.0,1.0,0.0002,1.0
krishnagiri,SA,1.75,1.75,1.75,0.0,0.0,1.0,0.0024,1.0
krishnagiri,QAOA_p2,1.6231,1.5976,1.6216,0.0725,0.0871,1.0,0.17,0.0
madurai,Exact,1.75,1.75,1.75,0.0,0.0,1.0,0.0255,1.0
madurai,MILP,1.75,1.75,1.75,0.0,0.0,1.0,0.0013,1.0
madurai,Greedy,1.75,1.75,1.75,0.0,0.0,1.0,0.0002,1.0
madurai,SA,1.75,1.75,1.75,0.0,0.0,1.0,0.0023,1.0
madurai,QAOA_p2,1.6231,1.5976,1.6216,0.0725,0.0871,1.0,0.17,0.0
mayiladuthurai,Exact,1.75,1.75,1.75,0.0,0.0,1.0,0.0297,1.0
mayiladuthurai,MILP,1.75,1.75,1.75,0.0,0.0,1.0,0.0022,1.0
mayiladuthurai,Greedy,1.75,1.75,1.75,0.0,0.0,1.0,0.0002,1.0
mayiladuthurai,SA,1.75,1.75,1.75,0.0,0.0,1.0,0.0039,1.0
mayiladuthurai,QAOA_p2,1.6231,1.5976,1.6216,0.0725,0.0871,1.0,0.17,0.0
nagapattinam,Exact,1.75,1.75,1.75,0.0,0.0,1.0,0.0262,1.0
nagapattinam,MILP,1.75,1.75,1.75,0.0,0.0,1.0,0.0013,1.0
nagapattinam,Greedy,1.75,1.75,1.75,0.0,0.0,1.0,0.0012,1.0
nagapattinam,SA,1.75,1.75,1.75,0.0,0.0,1.0,0.0022,1.0
nagapattinam,QAOA_p2,1.6231,1.5976,1.6216,0.0725,0.0871,1.0,0.17,0.0
namakkal,Exact,1.75,1.75,1.75,0.0,0.0,1.0,0.0261,1.0
namakkal,MILP,1.75,1.75,1.75,0.0,0.0,1.0,0.0013,1.0
namakkal,Greedy,1.75,1.75,1.75,0.0,0.0,1.0,0.0002,1.0
namakkal,SA,1.75,1.75,1.75,0.0,0.0,1.0,0.0025,1.0
namakkal,QAOA_p2,1.6231,1.5976,1.6216,0.0725,0.0871,1.0,0.17,0.0
nilgiris,Exact,1.75,1.75,1.75,0.0,0.0,1.0,0.0243,1.0
nilgiris,MILP,1.75,1.75,1.75,0.0,0.0,1.0,0.0013,1.0
nilgiris,Greedy,1.75,1.75,1.75,0.0,0.0,1.0,0.0002,1.0
nilgiris,SA,1.75,1.75,1.75,0.0,0.0,1.0,0.0024,1.0
nilgiris,QAOA_p2,1.6231,1.5976,1.6216,0.0725,0.0871,1.0,0.17,0.0
perambalur,Exact,1.75,1.75,1.75,0.0,0.0,1.0,0.0262,1.0
perambalur,MILP,1.75,1.75,1.75,0.0,0.0,1.0,0.0013,1.0
perambalur,Greedy,1.75,1.75,1.75,0.0,0.0,1.0,0.0002,1.0
perambalur,SA,1.75,1.75,1.75,0.0,0.0,1.0,0.0023,1.0
perambalur,QAOA_p2,1.6231,1.5976,1.6216,0.0725,0.0871,1.0,0.17,0.0
pudukkottai,Exact,1.75,1.75,1.75,0.0,0.0,1.0,0.0252,1.0
pudukkottai,MILP,1.75,1.75,1.75,0.0,0.0,1.0,0.0013,1.0
pudukkottai,Greedy,1.75,1.75,1.75,0.0,0.0,1.0,0.0002,1.0
pudukkottai,SA,1.75,1.75,1.75,0.0,0.0,1.0,0.0022,1.0
pudukkottai,QAOA_p2,1.6231,1.5976,1.6216,0.0725,0.0871,1.0,0.17,0.0
ramanathapuram,Exact,1.75,1.75,1.75,0.0,0.0,1.0,0.0254,1.0
ramanathapuram,MILP,1.75,1.75,1.75,0.0,0.0,1.0,0.0013,1.0
ramanathapuram,Greedy,1.75,1.75,1.75,0.0,0.0,1.0,0.0002,1.0
ramanathapuram,SA,1.75,1.75,1.75,0.0,0.0,1.0,0.0025,1.0
ramanathapuram,QAOA_p2,1.6231,1.5976,1.6216,0.0725,0.0871,1.0,0.17,0.0
ranipet,Exact,1.75,1.75,1.75,0.0,0.0,1.0,0.0271,1.0
ranipet,MILP,1.75,1.75,1.75,0.0,0.0,1.0,0.0025,1.0
ranipet,Greedy,1.75,1.75,1.75,0.0,0.0,1.0,0.0002,1.0
ranipet,SA,1.75,1.75,1.75,0.0,0.0,1.0,0.0023,1.0
ranipet,QAOA_p2,1.6231,1.5976,1.6216,0.0725,0.0871,1.0,0.17,0.0
salem,Exact,1.75,1.75,1.75,0.0,0.0,1.0,0.0244,1.0
salem,MILP,1.75,1.75,1.75,0.0,0.0,1.0,0.0023,1.0
salem,Greedy,1.75,1.75,1.75,0.0,0.0,1.0,0.0002,1.0
salem,SA,1.75,1.75,1.75,0.0,0.0,1.0,0.0023,1.0
salem,QAOA_p2,1.6231,1.5976,1.6216,0.0725,0.0871,1.0,0.17,0.0
sivaganga,Exact,1.75,1.75,1.75,0.0,0.0,1.0,0.0281,1.0
sivaganga,MILP,1.75,1.75,1.75,0.0,0.0,1.0,0.0024,1.0
sivaganga,Greedy,1.75,1.75,1.75,0.0,0.0,1.0,0.0002,1.0
sivaganga,SA,1.75,1.75,1.75,0.0,0.0,1.0,0.0022,1.0
sivaganga,QAOA_p2,1.6231,1.5976,1.6216,0.0725,0.0871,1.0,0.17,0.0
tenkasi,Exact,1.75,1.75,1.75,0.0,0.0,1.0,0.0282,1.0
tenkasi,MILP,1.75,1.75,1.75,0.0,0.0,1.0,0.0013,1.0
tenkasi,Greedy,1.75,1.75,1.75,0.0,0.0,1.0,0.0002,1.0
tenkasi,SA,1.75,1.75,1.75,0.0,0.0,1.0,0.0022,1.0
tenkasi,QAOA_p2,1.6231,1.5976,1.6216,0.0725,0.0871,1.0,0.17,0.0
thanjavur,Exact,1.75,1.75,1.75,0.0,0.0,1.0,0.0247,1.0
thanjavur,MILP,1.75,1.75,1.75,0.0,0.0,1.0,0.0023,1.0
thanjavur,Greedy,1.75,1.75,1.75,0.0,0.0,1.0,0.0002,1.0
thanjavur,SA,1.75,1.75,1.75,0.0,0.0,1.0,0.0025,1.0
thanjavur,QAOA_p2,1.6231,1.5976,1.6216,0.0725,0.0871,1.0,0.17,0.0
theni,Exact,1.75,1.75,1.75,0.0,0.0,1.0,0.0242,1.0
theni,MILP,1.75,1.75,1.75,0.0,0.0,1.0,0.0027,1.0
theni,Greedy,1.75,1.75,1.75,0.0,0.0,1.0,0.0002,1.0
theni,SA,1.75,1.75,1.75,0.0,0.0,1.0,0.0023,1.0
theni,QAOA_p2,1.6231,1.5976,1.6216,0.0725,0.0871,1.0,0.17,0.0
thoothukudi,Exact,1.75,1.75,1.75,0.0,0.0,1.0,0.0266,1.0
thoothukudi,MILP,1.75,1.75,1.75,0.0,0.0,1.0,0.0013,1.0
thoothukudi,Greedy,1.75,1.75,1.75,0.0,0.0,1.0,0.0002,1.0
thoothukudi,SA,1.75,1.75,1.75,0.0,0.0,1.0,0.0024,1.0
thoothukudi,QAOA_p2,1.6231,1.5976,1.6216,0.0725,0.0871,1.0,0.17,0.0
tiruchirappalli,Exact,1.75,1.75,1.75,0.0,0.0,1.0,0.0262,1.0
tiruchirappalli,MILP,1.75,1.75,1.75,0.0,0.0,1.0,0.0019,1.0
tiruchirappalli,Greedy,1.75,1.75,1.75,0.0,0.0,1.0,0.0002,1.0
tiruchirappalli,SA,1.75,1.75,1.75,0.0,0.0,1.0,0.0024,1.0
tiruchirappalli,QAOA_p2,1.6231,1.5976,1.6216,0.0725,0.0871,1.0,0.17,0.0
tirunelveli,Exact,1.75,1.75,1.75,0.0,0.0,1.0,0.0302,1.0
tirunelveli,MILP,1.75,1.75,1.75,0.0,0.0,1.0,0.0013,1.0
tirunelveli,Greedy,1.75,1.75,1.75,0.0,0.0,1.0,0.0002,1.0
tirunelveli,SA,1.75,1.75,1.75,0.0,0.0,1.0,0.0024,1.0
tirunelveli,QAOA_p2,1.6231,1.5976,1.6216,0.0725,0.0871,1.0,0.17,0.0
tirupathur,Exact,1.75,1.75,1.75,0.0,0.0,1.0,0.0282,1.0
tirupathur,MILP,1.75,1.75,1.75,0.0,0.0,1.0,0.0013,1.0
tirupathur,Greedy,1.75,1.75,1.75,0.0,0.0,1.0,0.0002,1.0
tirupathur,SA,1.75,1.75,1.75,0.0,0.0,1.0,0.0024,1.0
tirupathur,QAOA_p2,1.6231,1.5976,1.6216,0.0725,0.0871,1.0,0.17,0.0
tiruppur,Exact,1.75,1.75,1.75,0.0,0.0,1.0,0.0272,1.0
tiruppur,MILP,1.75,1.75,1.75,0.0,0.0,1.0,0.0023,1.0
tiruppur,Greedy,1.75,1.75,1.75,0.0,0.0,1.0,0.0002,1.0
tiruppur,SA,1.75,1.75,1.75,0.0,0.0,1.0,0.0023,1.0
tiruppur,QAOA_p2,1.6231,1.5976,1.6216,0.0725,0.0871,1.0,0.17,0.0
tiruvallur,Exact,1.75,1.75,1.75,0.0,0.0,1.0,0.0294,1.0
tiruvallur,MILP,1.75,1.75,1.75,0.0,0.0,1.0,0.0013,1.0
tiruvallur,Greedy,1.75,1.75,1.75,0.0,0.0,1.0,0.0002,1.0
tiruvallur,SA,1.75,1.75,1.75,0.0,0.0,1.0,0.0022,1.0
tiruvallur,QAOA_p2,1.6231,1.5976,1.6216,0.0725,0.0871,1.0,0.17,0.0
tiruvannamalai,Exact,1.75,1.75,1.75,0.0,0.0,1.0,0.0282,1.0
tiruvannamalai,MILP,1.75,1.75,1.75,0.0,0.0,1.0,0.0013,1.0
tiruvannamalai,Greedy,1.75,1.75,1.75,0.0,0.0,1.0,0.0002,1.0
tiruvannamalai,SA,1.75,1.75,1.75,0.0,0.0,1.0,0.0024,1.0
tiruvannamalai,QAOA_p2,1.6231,1.5976,1.6216,0.0725,0.0871,1.0,0.17,0.0
tiruvarur,Exact,1.75,1.75,1.75,0.0,0.0,1.0,0.0242,1.0
tiruvarur,MILP,1.75,1.75,1.75,0.0,0.0,1.0,0.0013,1.0
tiruvarur,Greedy,1.75,1.75,1.75,0.0,0.0,1.0,0.0012,1.0
tiruvarur,SA,1.75,1.75,1.75,0.0,0.0,1.0,0.0023,1.0
tiruvarur,QAOA_p2,1.6231,1.5976,1.6216,0.0725,0.0871,1.0,0.17,0.0
vellore,Exact,1.75,1.75,1.75,0.0,0.0,1.0,0.0262,1.0
vellore,MILP,1.75,1.75,1.75,0.0,0.0,1.0,0.0023,1.0
vellore,Greedy,1.75,1.75,1.75,0.0,0.0,1.0,0.0002,1.0
vellore,SA,1.75,1.75,1.75,0.0,0.0,1.0,0.0023,1.0
vellore,QAOA_p2,1.6231,1.5976,1.6216,0.0725,0.0871,1.0,0.17,0.0
viluppuram,Exact,1.75,1.75,1.75,0.0,0.0,1.0,0.0262,1.0
viluppuram,MILP,1.75,1.75,1.75,0.0,0.0,1.0,0.0083,1.0
viluppuram,Greedy,1.75,1.75,1.75,0.0,0.0,1.0,0.0002,1.0
viluppuram,SA,1.75,1.75,1.75,0.0,0.0,1.0,0.003,1.0
viluppuram,QAOA_p2,1.6231,1.5976,1.6216,0.0725,0.0871,1.0,0.17,0.0
virudhunagar,Exact,1.75,1.75,1.75,0.0,0.0,1.0,0.0272,1.0
virudhunagar,MILP,1.75,1.75,1.75,0.0,0.0,1.0,0.0013,1.0
virudhunagar,Greedy,1.75,1.75,1.75,0.0,0.0,1.0,0.0002,1.0
virudhunagar,SA,1.75,1.75,1.75,0.0,0.0,1.0,0.0027,1.0
virudhunagar,QAOA_p2,1.6231,1.5976,1.6216,0.0725,0.0871,1.0,0.17,0.0
